household,person,home,sex,age,occupation,repeated,trip,start,new start,motive,new motive,dest. type,new dest. type,orig. type,new orig. type,origin,new origin,destination,new destination,mode,new mode,leg min,ajustes,problemas,status,new status,note
201,1,1403900015277,Mujeres,39,Empleado,,1,09:00,,Trabajar,,Fábrica o taller,,Oficina → Su casa,Oficina,1403900013872 → home,1403900013872,1403900011359,,CAMIÓN O AUTOBÚS,,60,tipo_origen:revision;origen:revision,,changed,,"Vuelve al origen registrado (1403900013872) y a la respuesta de la persona sobre dónde empezó su día (Oficina): es un lugar propio, que no copia el destino ni otro lugar del día, y los minutos de viaje no distinguen, y nada contradice el registro. La primera revisión lo movió a casa."
201,1,1403900015277,Mujeres,39,Empleado,,2,16:00,,Regresar a Casa,,Su casa,,Oficina → Fábrica o taller,,1403900011359,,home,,CAMIÓN O AUTOBÚS,,60,tipo_origen:revision,,changed,,
225,3,1403900010882,Mujeres,8,Estudiante,,1,08:10,,Estudiar,,Escuela,,"Comercio, mercado, tienda o centro comercial → Su casa","Comercio, mercado, tienda o centro comercial",1403900011132 → home,1403900011132,1410100010946,,CAMIÓN O AUTOBÚS,,30,tipo_origen:revision;origen:revision,,changed,,"Vuelve al origen registrado (1403900011132) y a la respuesta de la persona sobre dónde empezó su día (Comercio, mercado, tienda o centro comercial): es un lugar propio, que no copia el destino ni otro lugar del día, y los minutos de viaje no distinguen, y nada contradice el registro. La primera revisión lo movió a casa."
225,3,1403900010882,Mujeres,8,Estudiante,,2,12:17,,Regresar a Casa,,Su casa,,"Comercio, mercado, tienda o centro comercial → Escuela",,1410100010946,,home,,CAMIÓN O AUTOBÚS,,30,tipo_origen:revision,,changed,,
357,5,1403900012592,Mujeres,25,Empleado,,1,07:00,,Trabajar,,Fábrica o taller,,Oficina → Su casa,Oficina,1403900012573 → home,1403900012573,141200001066A,,CAMIÓN O AUTOBÚS,,60,tipo_origen:revision;origen:revision,,changed,,"Vuelve al origen registrado (1403900012573) y a la respuesta de la persona sobre dónde empezó su día (Oficina): es un lugar propio, que no copia el destino ni otro lugar del día, y los minutos de viaje no distinguen, y nada contradice el registro. La primera revisión lo movió a casa."
357,5,1403900012592,Mujeres,25,Empleado,,2,17:00,,Regresar a Casa,,Su casa,,Oficina → Fábrica o taller,,141200001066A,,home,,CAMIÓN O AUTOBÚS,,60,tipo_origen:revision,,changed,,
357,5,1403900012592,Mujeres,25,Empleado,,3,19:03,,Compras (comida),,"Comercio, mercado, tienda o centro comercial",,Oficina → Su casa,,home,,1403900012588,,A PIE,,9,tipo_origen:revision,,changed,,
357,5,1403900012592,Mujeres,25,Empleado,,4,19:22,,Regresar a Casa,,Su casa,,"Oficina → Comercio, mercado, tienda o centro comercial",,1403900012588,,home,,A PIE,,9,tipo_origen:revision,,changed,,
409,1,1403900015347,Hombres,93,Jubilado o pensionado,,1,08:00,,Trabajar,,Otra vivienda,,Oficina → Su casa,Oficina,1403900012395 → home,1403900012395,1403900013976,,CAMIÓN O AUTOBÚS,,15,tipo_origen:revision;origen:revision,,changed,,"Vuelve al origen registrado (1403900012395) y a la respuesta de la persona sobre dónde empezó su día (Oficina): es un lugar propio, que no copia el destino ni otro lugar del día, y los minutos de viaje no distinguen, y nada contradice el registro. La primera revisión lo movió a casa."
409,1,1403900015347,Hombres,93,Jubilado o pensionado,,2,19:00,,Regresar a Casa,,Su casa,,Oficina → Otra vivienda,,1403900013976,,home,,CAMIÓN O AUTOBÚS,,15,tipo_origen:revision,,changed,,
418,1,1403900012713,Hombres,34,Empleado,,1,19:18,,Compras (comida),,"Comercio, mercado, tienda o centro comercial",,"Comercio, mercado, tienda o centro comercial → Su casa",,140390001254A → home,,home,140390001254A,A PIE,,20,tipo_origen:revision;origen:revision,,changed,,"Origen y destino rotados en el registro: el viaje 1 se registró de 140390001254A a casa y el siguiente de casa a otro lado, así que 140390001254A (Comercio, mercado, tienda o centro comercial) es adonde fue y no de donde salió. La primera revisión puso el origen en casa pero dejó el destino en casa (un viaje de casa a casa); aquí el destino es 140390001254A."
418,1,1403900012713,Hombres,34,Empleado,,2,19:23 → 19:38,,Regresar a Casa,,Su casa,,"Comercio, mercado, tienda o centro comercial","Comercio, mercado, tienda o centro comercial",home,140390001254A,home,,A PIE,,20,hora:revision,,changed,,"Sale de 140390001254A, donde terminó el viaje anterior (el registro lo daba saliendo de casa)."
841,2,1409800011203,Hombres,50,Empleado,,1,07:00,,Trabajar,,Fábrica o taller,,Escuela → Su casa,Escuela,1409800011190 → home,1409800011190,1412000011723,,Transporte de personal,,40,tipo_origen:revision;origen:revision,,changed,,"Vuelve al origen registrado (1409800011190) y a la respuesta de la persona sobre dónde empezó su día (Escuela): es un lugar propio, que no copia el destino ni otro lugar del día, y los minutos de viaje no distinguen, y nada contradice el registro. La primera revisión lo movió a casa."
841,2,1409800011203,Hombres,50,Empleado,,2,19:00,,Regresar a Casa,,Su casa,,Escuela → Fábrica o taller,,1412000011723,,home,,Transporte de personal,,40,tipo_origen:revision,,changed,,
847,2,140390001546A,Hombres,40,Empleado,,1,08:02,,Trabajar,,Fábrica o taller,,"Comercio, mercado, tienda o centro comercial → Su casa","Comercio, mercado, tienda o centro comercial",1409800010718 → home,1409800010718,1403900012573,,CAMIÓN O AUTOBÚS,,45,tipo_origen:revision;origen:revision,,changed,,"Vuelve al origen registrado (1409800010718) y a la respuesta de la persona sobre dónde empezó su día (Comercio, mercado, tienda o centro comercial): es un lugar propio, que no copia el destino ni otro lugar del día, y los minutos de viaje cuadran mejor desde ahí que desde casa. La primera revisión lo movió a casa."
847,2,140390001546A,Hombres,40,Empleado,,2,18:00,,Regresar a Casa,,Su casa,,"Comercio, mercado, tienda o centro comercial → Fábrica o taller",,1403900012573,,home,,CAMIÓN O AUTOBÚS,,30,tipo_origen:revision,,changed,,
911,1,140980001135A,Mujeres,22,Hogar,,1,08:00,,Llevar o recoger a alguien,,Su casa,Escuela,Escuela → Su casa,,1409800010718 → home,,home,1409800010718,CAMIÓN O AUTOBÚS,,10,tipo_origen:revision;origen:revision,actividad_en_casa,changed,,"Origen y destino rotados en el registro: el viaje 1 se registró de 1409800010718 a casa y el siguiente de casa a otro lado, así que 1409800010718 (Escuela) es adonde fue y no de donde salió. La primera revisión puso el origen en casa pero dejó el destino en casa (un viaje de casa a casa); aquí el destino es 1409800010718."
911,1,140980001135A,Mujeres,22,Hogar,,2,08:00 → 08:10,,Regresar a Casa,,Su casa,,Escuela → Su casa,Escuela,home,1409800010718,home,,CAMIÓN O AUTOBÚS,,10,hora:revision;tipo_origen:revision,,changed,,"Sale de 1409800010718, donde terminó el viaje anterior (el registro lo daba saliendo de casa)."
911,1,140980001135A,Mujeres,22,Hogar,,3,19:12,,Compras (comida),,"Comercio, mercado, tienda o centro comercial",,Escuela → Su casa,,home,,home,,A PIE,,13,tipo_origen:revision,,changed,,
911,1,140980001135A,Mujeres,22,Hogar,,4,19:26,,Regresar a Casa,,Su casa,,"Escuela → Comercio, mercado, tienda o centro comercial",,home,,home,,A PIE,,13,tipo_origen:revision,,changed,,
986,4,1403900015474,Hombres,24,Trabajador independiente,,1,13:00,,Trabajar,,Su casa,"Comercio, mercado, tienda o centro comercial","Comercio, mercado, tienda o centro comercial → Su casa",,1412000012882 → home,,home,1412000012882,CAMIÓN O AUTOBÚS,,30,tipo_origen:revision;origen:revision,actividad_en_casa,changed,,"Origen y destino rotados en el registro: el viaje 1 se registró de 1412000012882 a casa y el siguiente de casa a otro lado, así que 1412000012882 (Comercio, mercado, tienda o centro comercial) es adonde fue y no de donde salió. La primera revisión puso el origen en casa pero dejó el destino en casa (un viaje de casa a casa); aquí el destino es 1412000012882."
986,4,1403900015474,Hombres,24,Trabajador independiente,,2,21:00,,Regresar a Casa,,Su casa,,"Comercio, mercado, tienda o centro comercial → Su casa","Comercio, mercado, tienda o centro comercial",home,1412000012882,home,,Taxi plataforma (Uber/Didi),,25,tipo_origen:revision,,changed,,"Sale de 1412000012882, donde terminó el viaje anterior (el registro lo daba saliendo de casa)."
1005,1,1409800010671,Mujeres,54,Hogar,,1,14:00,,Hacer un trámite,,"Hospital, clínica, consultorio, laboratorio clínico",,Fábrica o taller → Su casa,Fábrica o taller,1409800011203 → home,1409800011203,1403900013976,,CAMIÓN O AUTOBÚS,,60,tipo_origen:revision;origen:revision,,changed,,"Vuelve al origen registrado (1409800011203) y a la respuesta de la persona sobre dónde empezó su día (Fábrica o taller): es un lugar propio, que no copia el destino ni otro lugar del día, y los minutos de viaje no distinguen, y nada contradice el registro. La primera revisión lo movió a casa."
1005,1,1409800010671,Mujeres,54,Hogar,,2,16:00,,Regresar a Casa,,Su casa,,"Fábrica o taller → Hospital, clínica, consultorio, laboratorio clínico",,1403900013976,,home,,CAMIÓN O AUTOBÚS,,60,tipo_origen:revision,,changed,,
1034,3,1403900014048,Mujeres,14,Estudiante,,1,14:03,,Visitar a alguien,,Su casa → Otra vivienda,,"Comercio, mercado, tienda o centro comercial → Su casa","Comercio, mercado, tienda o centro comercial",1412000012609 → home,1412000012609,1403900013374,,CAMIÓN O AUTOBÚS,,40,tipo_destino:revision;tipo_origen:revision;origen:revision,,changed,,"Vuelve al origen registrado (1412000012609) y a la respuesta de la persona sobre dónde empezó su día (Comercio, mercado, tienda o centro comercial): es un lugar propio, que no copia el destino ni otro lugar del día, y los minutos de viaje cuadran mejor desde ahí que desde casa. La primera revisión lo movió a casa."
1034,3,1403900014048,Mujeres,14,Estudiante,,2,19:00,,Regresar a Casa,,Su casa,,"Comercio, mercado, tienda o centro comercial → Otra vivienda",,1403900013374,,home,,CAMIÓN O AUTOBÚS,,40,tipo_origen:revision,,changed,,
1045,2,1403900015474,Hombres,64,,,1,09:02,,Compras (comida),,"Comercio, mercado, tienda o centro comercial",,Fábrica o taller → Su casa,Fábrica o taller,1403900015402 → home,1403900015402,1403900014033,,CAMIÓN O AUTOBÚS,,39,tipo_origen:revision;origen:revision,,changed,,"Vuelve al origen registrado (1403900015402) y a la respuesta de la persona sobre dónde empezó su día (Fábrica o taller): es un lugar propio, que no copia el destino ni otro lugar del día, y los minutos de viaje no distinguen, y nada contradice el registro. La primera revisión lo movió a casa."
1045,2,1403900015474,Hombres,64,,,2,16:00,,Regresar a Casa,,Su casa,,"Fábrica o taller → Comercio, mercado, tienda o centro comercial",,1403900014033,,home,,CAMIÓN O AUTOBÚS,,39,tipo_origen:revision,,changed,,
1045,2,1403900015474,Hombres,64,,,3,18:19,,Deportes o recreación,,Centro cultural o área recreativa,,Fábrica o taller → Su casa,,home,,home,,A PIE,,3,tipo_origen:revision,,changed,,
1045,2,1403900015474,Hombres,64,,,4,18:32,,Regresar a Casa,,Su casa,,Fábrica o taller → Centro cultural o área recreativa,,home,,home,,A PIE,,3,tipo_origen:revision,,changed,,
1232,2,1410100011357,Hombres,48,,,1,— → 08:17,,— → Trabajar,,— → Fábrica o taller,,Oficina → Su casa,,1403900012605 → home,,home,1403900012605,AUTOMÓVIL PARTICULAR,,13,hora:vecinos;motivo:vecinos;tipo_origen:revision;origen:revision,,changed,,"Origen y destino rotados en el registro: el viaje 1 se registró de 1403900012605 a casa y el siguiente de casa a otro lado, así que 1403900012605 (Fábrica o taller) es adonde fue y no de donde salió. La primera revisión puso el origen en casa pero dejó el destino en casa (un viaje de casa a casa); aquí el destino es 1403900012605."
1232,2,1410100011357,Hombres,48,,,2,— → 18:20,,"— → Compras (bienes, productos y servicios)",,"— → Comercio, mercado, tienda o centro comercial",,Oficina → Fábrica o taller,Fábrica o taller,home,1403900012605,1403900012605,,AUTOMÓVIL PARTICULAR,,13,hora:vecinos;motivo:vecinos;tipo_origen:revision,,changed,,"Sale de 1403900012605, donde terminó el viaje anterior (el registro lo daba saliendo de casa)."
1232,2,1410100011357,Hombres,48,,,3,— → 19:50,,— → Regresar a Casa,,— → Su casa,,"Oficina → Comercio, mercado, tienda o centro comercial",,1403900012605,,home,,AUTOMÓVIL PARTICULAR,,13,hora:duplicado;motivo:duplicado;tipo_origen:revision,,changed,,
1232,2,1410100011357,Hombres,48,,,4,19:50,,Regresar a Casa,,Su casa,,Oficina,,home,,home,,AUTOMÓVIL PARTICULAR,,5,,,dropped,,
1303,2,1409800011345,Hombres,50,Estudiante,,1,11:15,,Compras (comida),,"Comercio, mercado, tienda o centro comercial",,"Restaurante, bar, cafetería → Su casa",,1409800010120 → home,,home,1409800010120,A PIE,,10,tipo_origen:revision;origen:revision,,changed,,"Origen y destino rotados en el registro: el viaje 1 se registró de 1409800010120 a casa y el siguiente de casa a otro lado, así que 1409800010120 (Comercio, mercado, tienda o centro comercial) es adonde fue y no de donde salió. La primera revisión puso el origen en casa pero dejó el destino en casa (un viaje de casa a casa); aquí el destino es 1409800010120."
1303,2,1409800011345,Hombres,50,Estudiante,,2,11:20 → 11:25,,"Regresar a Casa → Compras (bienes, productos y servicios)",,"Comercio, mercado, tienda o centro comercial",,"Restaurante, bar, cafetería → Comercio, mercado, tienda o centro comercial","Comercio, mercado, tienda o centro comercial",home,1409800010120,1409800010120,,A PIE,,10,motivo:tipo_destino;hora:revision;tipo_origen:revision,,changed,,"Sale de 1409800010120, donde terminó el viaje anterior (el registro lo daba saliendo de casa)."
1303,2,1409800011345,Hombres,50,Estudiante,,3,19:08,,Compras (comida),,"Comercio, mercado, tienda o centro comercial",,"Restaurante, bar, cafetería → Comercio, mercado, tienda o centro comercial",,1409800010120,,1409800010120,,A PIE,,13,tipo_origen:revision,,changed,,
1303,2,1409800011345,Hombres,50,Estudiante,,4,19:28,,Regresar a Casa,,Su casa,,"Restaurante, bar, cafetería → Comercio, mercado, tienda o centro comercial",,1409800010120,,1409800010120 → home,,A PIE,,13,tipo_origen:revision;destino:revision,,changed,,
1729,4,1409800011576,Hombres,15,Estudiante,,1,14:00,,Estudiar,,Escuela,,Escuela → Su casa,,1409800011398 → home,,home,1409800011398,A PIE,,10,tipo_origen:revision;origen:revision,,changed,,"Origen y destino rotados en el registro: el viaje 1 se registró de 1409800011398 a casa y el siguiente de casa a otro lado, así que 1409800011398 (Escuela) es adonde fue y no de donde salió. La primera revisión puso el origen en casa pero dejó el destino en casa (un viaje de casa a casa); aquí el destino es 1409800011398."
1729,4,1409800011576,Hombres,15,Estudiante,,2,18:00,,Regresar a Casa,,Su casa,,Escuela,Escuela,home,1409800011398,home,,A PIE,,10,,,,,"Sale de 1409800011398, donde terminó el viaje anterior (el registro lo daba saliendo de casa)."
1733,2,1409800011398,Mujeres,82,Hogar,,1,09:00,,Pagar algún servicio o al banco,,"Comercio, mercado, tienda o centro comercial",,"Deportivo, gimnasio → Su casa","Deportivo, gimnasio",1407000140223 → home,1407000140223,1409800010718,,Taxi,,30,tipo_origen:revision;origen:revision,,changed,,"Vuelve al origen registrado (1407000140223) y a la respuesta de la persona sobre dónde empezó su día (Deportivo, gimnasio): es un lugar propio, que no copia el destino ni otro lugar del día, y los minutos de viaje cuadran mejor desde ahí que desde casa. La primera revisión lo movió a casa."
1733,2,1409800011398,Mujeres,82,Hogar,,2,11:00,,Regresar a Casa,,Su casa,,"Deportivo, gimnasio → Comercio, mercado, tienda o centro comercial",,1409800010718,,home,,Taxi,,20,tipo_origen:revision,,changed,,
1903,2,1409800011383,Mujeres,36,Hogar,,1,09:45,,"Compras (bienes, productos y servicios)",,Su casa,"Comercio, mercado, tienda o centro comercial","Comercio, mercado, tienda o centro comercial → Su casa",,1403900011359 → home,,home,1403900011359,CAMIÓN O AUTOBÚS,,50,tipo_origen:revision;origen:revision,actividad_en_casa,changed,,"Origen y destino rotados en el registro: el viaje 1 se registró de 1403900011359 a casa y el siguiente de casa a otro lado, así que 1403900011359 (Comercio, mercado, tienda o centro comercial) es adonde fue y no de donde salió. La primera revisión puso el origen en casa pero dejó el destino en casa (un viaje de casa a casa); aquí el destino es 1403900011359."
1903,2,1409800011383,Mujeres,36,Hogar,,2,12:55,,Regresar a Casa,,Su casa,,"Comercio, mercado, tienda o centro comercial → Su casa","Comercio, mercado, tienda o centro comercial",home,1403900011359,home,,CAMIÓN O AUTOBÚS,,50,tipo_origen:revision,,changed,,"Sale de 1403900011359, donde terminó el viaje anterior (el registro lo daba saliendo de casa)."
1903,2,1409800011383,Mujeres,36,Hogar,,3,19:18,,"Compras (bienes, productos y servicios)",,"Comercio, mercado, tienda o centro comercial",,"Comercio, mercado, tienda o centro comercial → Su casa",,home,,1409800011608,,A PIE,,14,tipo_origen:revision,,changed,,
1903,2,1409800011383,Mujeres,36,Hogar,,4,19:36,,Regresar a Casa,,Su casa,,"Comercio, mercado, tienda o centro comercial",,1409800011608,,home,,A PIE,,14,,,,,
1988,2,1409800011631,Hombres,36,Empleado,,1,06:00,,"Compras (bienes, productos y servicios)",,Su casa,"Comercio, mercado, tienda o centro comercial","Comercio, mercado, tienda o centro comercial → Su casa",,1403900015366 → home,,home,1403900015366,CAMIÓN O AUTOBÚS,,60,tipo_origen:revision;origen:revision,actividad_en_casa,changed,,"Origen y destino rotados en el registro: el viaje 1 se registró de 1403900015366 a casa y el siguiente de casa a otro lado, así que 1403900015366 (Comercio, mercado, tienda o centro comercial) es adonde fue y no de donde salió. La primera revisión puso el origen en casa pero dejó el destino en casa (un viaje de casa a casa); aquí el destino es 1403900015366."
1988,2,1409800011631,Hombres,36,Empleado,,2,07:30,,Regresar a Casa,,Su casa,,"Comercio, mercado, tienda o centro comercial → Su casa","Comercio, mercado, tienda o centro comercial",home,1403900015366,home,,CAMIÓN O AUTOBÚS,,60,tipo_origen:revision,,changed,,"Sale de 1403900015366, donde terminó el viaje anterior (el registro lo daba saliendo de casa)."
2053,5,1409800011260,Hombres,16,Estudiante,,1,01:04,,Estudiar,,Escuela,,"Comercio, mercado, tienda o centro comercial → Su casa","Comercio, mercado, tienda o centro comercial",140980001142A → home,140980001142A,1409800011716,,CAMIÓN O AUTOBÚS,,20,tipo_origen:revision;origen:revision,,changed,,"Vuelve al origen registrado (140980001142A) y a la respuesta de la persona sobre dónde empezó su día (Comercio, mercado, tienda o centro comercial): es un lugar propio, que no copia el destino ni otro lugar del día, y los minutos de viaje no distinguen, y nada contradice el registro. La primera revisión lo movió a casa."
2053,5,1409800011260,Hombres,16,Estudiante,,2,19:28,,Regresar a Casa,,Su casa,,"Comercio, mercado, tienda o centro comercial → Escuela",,1409800011716,,home,,CAMIÓN O AUTOBÚS,,20,tipo_origen:revision,,changed,,
2257,3,1409800012377,Mujeres,17,Estudiante,yes,1,11:00,,"Compras (bienes, productos y servicios)",,Su casa,"Comercio, mercado, tienda o centro comercial","Comercio, mercado, tienda o centro comercial → Su casa",,1412000010655 → home,,home,1412000010655,AUTOMÓVIL PARTICULAR,,40,tipo_origen:revision;origen:revision,actividad_en_casa,changed,,"Origen y destino rotados en el registro: el viaje 1 se registró de 1412000010655 a casa y el siguiente de casa a otro lado, así que 1412000010655 (Comercio, mercado, tienda o centro comercial) es adonde fue y no de donde salió. La primera revisión puso el origen en casa pero dejó el destino en casa (un viaje de casa a casa); aquí el destino es 1412000010655."
2257,3,1409800012377,Mujeres,17,Estudiante,yes,2,18:00,,Regresar a Casa,,Su casa,,"Comercio, mercado, tienda o centro comercial → Su casa","Comercio, mercado, tienda o centro comercial",home,1412000010655,home,,AUTOMÓVIL PARTICULAR,,40,tipo_origen:revision,,changed,,"Sale de 1412000010655, donde terminó el viaje anterior (el registro lo daba saliendo de casa)."
2271,4,1409800012377,Mujeres,13,Estudiante,yes,1,11:03,,"Compras (bienes, productos y servicios)",,Su casa,"Comercio, mercado, tienda o centro comercial","Comercio, mercado, tienda o centro comercial → Su casa",,1412000010655 → home,,home,1412000010655,AUTOMÓVIL PARTICULAR,,40,tipo_origen:revision;origen:revision,actividad_en_casa,changed,,"Origen y destino rotados en el registro: el viaje 1 se registró de 1412000010655 a casa y el siguiente de casa a otro lado, así que 1412000010655 (Comercio, mercado, tienda o centro comercial) es adonde fue y no de donde salió. La primera revisión puso el origen en casa pero dejó el destino en casa (un viaje de casa a casa); aquí el destino es 1412000010655."
2271,4,1409800012377,Mujeres,13,Estudiante,yes,2,18:01,,Regresar a Casa,,Su casa,,"Comercio, mercado, tienda o centro comercial → Su casa","Comercio, mercado, tienda o centro comercial",home,1412000010655,home,,AUTOMÓVIL PARTICULAR,,40,tipo_origen:revision,,changed,,"Sale de 1412000010655, donde terminó el viaje anterior (el registro lo daba saliendo de casa)."
2563,3,140970424098A,Hombres,36,Empleado,,1,07:49,,Trabajar,,"Comercio, mercado, tienda o centro comercial",,Fábrica o taller → Su casa,,1403900011359 → home,,home,1403900011359,AUTOMÓVIL PARTICULAR,,64,tipo_origen:revision;origen:revision,,changed,,"Origen y destino rotados en el registro: el viaje 1 se registró de 1403900011359 a casa y el siguiente de casa a otro lado, así que 1403900011359 (Comercio, mercado, tienda o centro comercial) es adonde fue y no de donde salió. La primera revisión puso el origen en casa pero dejó el destino en casa (un viaje de casa a casa); aquí el destino es 1403900011359."
2563,3,140970424098A,Hombres,36,Empleado,,2,14:00,,Regresar a Casa → Estudiar,,Su casa,,"Fábrica o taller → Comercio, mercado, tienda o centro comercial","Comercio, mercado, tienda o centro comercial",home,1403900011359,1412000012454,,AUTOMÓVIL PARTICULAR,,5,motivo:revision;tipo_origen:revision,actividad_en_casa,changed,,"Sale de 1403900011359, donde terminó el viaje anterior (el registro lo daba saliendo de casa)."
2563,3,140970424098A,Hombres,36,Empleado,,3,16:00,,Trabajar,,"Comercio, mercado, tienda o centro comercial",,Fábrica o taller → Su casa,,1412000012454,,home,,AUTOMÓVIL PARTICULAR,,5,tipo_origen:revision,,changed,,
2563,3,140970424098A,Hombres,36,Empleado,,4,20:00,,Regresar a Casa,,Su casa,,"Fábrica o taller → Comercio, mercado, tienda o centro comercial",,home,,home,,AUTOMÓVIL PARTICULAR,,5,tipo_origen:revision,,changed,,
2828,3,1409700320053,Mujeres,7,Estudiante,,1,06:50,,Estudiar,,Escuela,,Escuela → Su casa,,1409700321441 → home,,home,1409700321441,A PIE,,5,tipo_origen:revision;origen:revision,,changed,,"Origen y destino rotados en el registro: el viaje 1 se registró de 1409700321441 a casa y el siguiente de casa a otro lado, así que 1409700321441 (Escuela) es adonde fue y no de donde salió. La primera revisión puso el origen en casa pero dejó el destino en casa (un viaje de casa a casa); aquí el destino es 1409700321441."
2828,3,1409700320053,Mujeres,7,Estudiante,,2,13:00,,Regresar a Casa,,Su casa,,Escuela,Escuela,home,1409700321441,home,,A PIE,,5,,,,,"Sale de 1409700321441, donde terminó el viaje anterior (el registro lo daba saliendo de casa)."
2845,3,1409700320053,Mujeres,9,Estudiante,,1,06:43,,Estudiar,,Escuela,,Escuela → Su casa,,1409700321441 → home,,home,1409700321441,A PIE,,5,tipo_origen:revision;origen:revision,,changed,,"Origen y destino rotados en el registro: el viaje 1 se registró de 1409700321441 a casa y el siguiente de casa a otro lado, así que 1409700321441 (Escuela) es adonde fue y no de donde salió. La primera revisión puso el origen en casa pero dejó el destino en casa (un viaje de casa a casa); aquí el destino es 1409700321441."
2845,3,1409700320053,Mujeres,9,Estudiante,,2,13:07,,Regresar a Casa,,Su casa,,Escuela,Escuela,home,1409700321441,home,,A PIE,,5,,,,,"Sale de 1409700321441, donde terminó el viaje anterior (el registro lo daba saliendo de casa)."
2879,1,1409700320053,Hombres,53,Empleado,,1,05:00,,Trabajar,,Su casa → Oficina,,Oficina → Su casa,,141200001326A → home,,home,141200001326A,CAMIÓN O AUTOBÚS,,130,tipo_destino:revision;tipo_origen:revision;origen:revision,,changed,,"Origen y destino rotados en el registro: el viaje 1 se registró de 141200001326A a casa y el siguiente de casa a otro lado, así que 141200001326A (Oficina) es adonde fue y no de donde salió. La primera revisión puso el origen en casa pero dejó el destino en casa (un viaje de casa a casa); aquí el destino es 141200001326A."
2879,1,1409700320053,Hombres,53,Empleado,,2,16:00,,Compras (comida),,"Comercio, mercado, tienda o centro comercial",,Oficina,Oficina,home,141200001326A,141200001326A,,A PIE,,15,,,,,"Sale de 141200001326A, donde terminó el viaje anterior (el registro lo daba saliendo de casa)."
2879,1,1409700320053,Hombres,53,Empleado,,3,16:45,,Pagar algún servicio o al banco,,"Comercio, mercado, tienda o centro comercial",,"Oficina → Comercio, mercado, tienda o centro comercial",,141200001326A,,1412000011206,,CAMIÓN O AUTOBÚS,,75,tipo_origen:revision,,changed,,
2879,1,1409700320053,Hombres,53,Empleado,,4,19:00,,Regresar a Casa,,Su casa,,"Oficina → Comercio, mercado, tienda o centro comercial",,1412000011206,,home,,Mototaxi,,45,tipo_origen:revision,,changed,,
3035,3,1409700320180,Hombres,61,,,1,08:00,,Al médico o atención de salud,,Otros (especifique),,Oficina → Su casa,Oficina,1409700320284 → home,1409700320284,140970032116A,,A PIE,,20,tipo_origen:revision;origen:revision,,changed,,"Vuelve al origen registrado (1409700320284) y a la respuesta de la persona sobre dónde empezó su día (Oficina): es un lugar propio, que no copia el destino ni otro lugar del día, y los minutos de viaje no distinguen, y nada contradice el registro. La primera revisión lo movió a casa."
3035,3,1409700320180,Hombres,61,,,2,11:00,,Regresar a Casa,,Su casa,,Oficina → Otros (especifique),,140970032116A,,home,,A PIE,,20,tipo_origen:revision,,changed,,
3035,3,1409700320180,Hombres,61,,,3,14:00,,Al médico o atención de salud,,Otros (especifique),,Oficina → Su casa,,home,,140970032116A,,A PIE,,20,tipo_origen:revision,,changed,,
3035,3,1409700320180,Hombres,61,,,4,14:30,,Regresar a Casa,,Su casa,,Oficina → Otros (especifique),,140970032116A,,home,,A PIE,,20,tipo_origen:revision,,changed,,
3047,2,1409700320180,Mujeres,31,Hogar,,1,07:45,,Llevar o recoger a alguien,,Escuela,,"Hospital, clínica, consultorio, laboratorio clínico → Su casa","Hospital, clínica, consultorio, laboratorio clínico",1409700320284 → home,1409700320284,1409700320053,,A PIE,,15,tipo_origen:revision;origen:revision,,changed,,"Vuelve al origen registrado (1409700320284) y a la respuesta de la persona sobre dónde empezó su día (Hospital, clínica, consultorio, laboratorio clínico): es un lugar propio, que no copia el destino ni otro lugar del día, y los minutos de viaje no distinguen, y nada contradice el registro. La primera revisión lo movió a casa."
3047,2,1409700320180,Mujeres,31,Hogar,,2,08:00,,Regresar a Casa,,Su casa,,"Hospital, clínica, consultorio, laboratorio clínico → Escuela",,1409700320053,,home,,A PIE,,15,tipo_origen:revision,,changed,,
3047,2,1409700320180,Mujeres,31,Hogar,,3,12:45,,Llevar o recoger a alguien,,Escuela,,"Hospital, clínica, consultorio, laboratorio clínico → Su casa",,home,,1409700320053,,A PIE,,15,tipo_origen:revision,,changed,,
3047,2,1409700320180,Mujeres,31,Hogar,,4,13:00,,Regresar a Casa,,Su casa,,"Hospital, clínica, consultorio, laboratorio clínico → Escuela",,1409700320053,,home,,A PIE,,10,tipo_origen:revision,,changed,,
3184,5,1409708222469,Hombres,52,Empleado,,1,06:01,,Trabajar,,Su casa → Fábrica o taller,,Fábrica o taller → Su casa,Fábrica o taller,1403900012287 → home,1403900012287,1409708312045,,TREN LIGERO,,90,tipo_destino:revision;tipo_origen:revision;origen:revision,,changed,,"Vuelve al origen registrado (1403900012287) y a la respuesta de la persona sobre dónde empezó su día (Fábrica o taller): es un lugar propio, que no copia el destino ni otro lugar del día, y los minutos de viaje cuadran mejor desde ahí que desde casa. La primera revisión lo movió a casa."
3184,5,1409708222469,Hombres,52,Empleado,,2,17:03,,Regresar a Casa,,Su casa,,Fábrica o taller,,1409708312045,,home,,Bicicleta,,90,,,,,
3184,5,1409708222469,Hombres,52,Empleado,,3,18:11 → 20:11,,"Compras (bienes, productos y servicios)",,"Comercio, mercado, tienda o centro comercial",,Fábrica o taller → Su casa,,home,,home,,A PIE,,11,hora:-10h+12h;tipo_origen:revision,,changed,,
3184,5,1409708222469,Hombres,52,Empleado,,4,18:31 → 20:31,,Regresar a Casa,,Su casa,,"Fábrica o taller → Comercio, mercado, tienda o centro comercial",,home,,home,,A PIE,,11,hora:-10h+12h;tipo_origen:revision,,changed,,
3194,4,1409708221973,Mujeres,32,Persona trabajadora del hogar,,1,07:01,,Trabajar,,Otra vivienda,,"Comercio, mercado, tienda o centro comercial → Su casa","Comercio, mercado, tienda o centro comercial",1409708221901 → home,1409708221901,1409800010718,,CAMIÓN O AUTOBÚS,,55,tipo_origen:revision;origen:revision,,changed,,"Vuelve al origen registrado (1409708221901) y a la respuesta de la persona sobre dónde empezó su día (Comercio, mercado, tienda o centro comercial): es un lugar propio, que no copia el destino ni otro lugar del día, y los minutos de viaje no distinguen, y nada contradice el registro. La primera revisión lo movió a casa."
3194,4,1409708221973,Mujeres,32,Persona trabajadora del hogar,,2,16:27,,Regresar a Casa,,Su casa,,"Comercio, mercado, tienda o centro comercial → Otra vivienda",,1409800010718,,home,,CAMIÓN O AUTOBÚS,,85,tipo_origen:revision,,changed,,
3308,1,1409708312045,Hombres,39,Empleado,,1,06:00,,Trabajar,,Su casa,Fábrica o taller,Fábrica o taller → Su casa,,1403900012287 → home,,home,1403900012287,CAMIÓN O AUTOBÚS,,90,tipo_origen:revision;origen:revision,actividad_en_casa,changed,,"Origen y destino rotados en el registro: el viaje 1 se registró de 1403900012287 a casa y el siguiente de casa a otro lado, así que 1403900012287 (Fábrica o taller) es adonde fue y no de donde salió. La primera revisión puso el origen en casa pero dejó el destino en casa (un viaje de casa a casa); aquí el destino es 1403900012287."
3308,1,1409708312045,Hombres,39,Empleado,,2,19:21,,Compras (comida),,"Restaurante, bar, cafetería",,Fábrica o taller → Su casa,Fábrica o taller,home,1403900012287,140970831205A,,Bicicleta,,4,tipo_origen:revision,,changed,,"Sale de 1403900012287, donde terminó el viaje anterior (el registro lo daba saliendo de casa)."
3308,1,1409708312045,Hombres,39,Empleado,,3,19:34,,Regresar a Casa,,Su casa,,"Fábrica o taller → Restaurante, bar, cafetería",,140970831205A,,home,,A PIE,,4,tipo_origen:revision,,changed,,
3372,3,140390001119A,Mujeres,18,Estudiante,,1,09:00,,Visitar a alguien,,Su casa,Otra vivienda,Otra vivienda → Su casa,,1403900015012 → home,,home,1403900015012,AUTOMÓVIL PARTICULAR,,35,tipo_origen:revision;origen:revision,actividad_en_casa,changed,,"Origen y destino rotados en el registro: el viaje 1 se registró de 1403900015012 a casa y el siguiente de casa a otro lado, así que 1403900015012 (Otra vivienda) es adonde fue y no de donde salió. La primera revisión puso el origen en casa pero dejó el destino en casa (un viaje de casa a casa); aquí el destino es 1403900015012."
3372,3,140390001119A,Mujeres,18,Estudiante,,2,19:00,,Regresar a Casa,,Su casa,,Otra vivienda → Su casa,Otra vivienda,home,1403900015012,home,,AUTOMÓVIL PARTICULAR,,35,tipo_origen:revision,,changed,,"Sale de 1403900015012, donde terminó el viaje anterior (el registro lo daba saliendo de casa)."
3436,2,1403900010967,Mujeres,36,Hogar,,1,09:00,,Compras (comida),,"Restaurante, bar, cafetería",,"Comercio, mercado, tienda o centro comercial → Su casa","Comercio, mercado, tienda o centro comercial",1403900011325 → home,1403900011325,1403900011556,,Taxi plataforma (Uber/Didi),,25,tipo_origen:revision;origen:revision,,changed,,"Vuelve al origen registrado (1403900011325) y a la respuesta de la persona sobre dónde empezó su día (Comercio, mercado, tienda o centro comercial): es un lugar propio, que no copia el destino ni otro lugar del día, y los minutos de viaje no distinguen, y nada contradice el registro. La primera revisión lo movió a casa."
3436,2,1403900010967,Mujeres,36,Hogar,,2,13:00,,Regresar a Casa,,Su casa,,"Comercio, mercado, tienda o centro comercial → Restaurante, bar, cafetería",,1403900011556,,home,,Taxi plataforma (Uber/Didi),,20,tipo_origen:revision,,changed,,
3436,2,1403900010967,Mujeres,36,Hogar,,3,19:05,,Compras (comida),,"Comercio, mercado, tienda o centro comercial",,"Comercio, mercado, tienda o centro comercial → Su casa",,home,,home,,A PIE,,13,tipo_origen:revision,,changed,,
3436,2,1403900010967,Mujeres,36,Hogar,,4,19:25,,Regresar a Casa,,Su casa,,"Comercio, mercado, tienda o centro comercial",,home,,home,,A PIE,,13,,,,,
3937,1,1407000130365,Hombres,26,Empleado,,1,07:00,,Trabajar,,"Comercio, mercado, tienda o centro comercial",,Fábrica o taller → Su casa,Fábrica o taller,1407000200079 → home,1407000200079,1407000140223,,CAMIÓN O AUTOBÚS,,30,tipo_origen:revision;origen:revision,,changed,,"Vuelve al origen registrado (1407000200079) y a la respuesta de la persona sobre dónde empezó su día (Fábrica o taller): es un lugar propio, que no copia el destino ni otro lugar del día, y los minutos de viaje cuadran mejor desde ahí que desde casa. La primera revisión lo movió a casa."
3937,1,1407000130365,Hombres,26,Empleado,,2,17:00,,Compras (comida),,"Comercio, mercado, tienda o centro comercial",,"Fábrica o taller → Comercio, mercado, tienda o centro comercial",,1407000140223,,1403900013783,,A PIE,,10,tipo_origen:revision,,changed,,
3937,1,1407000130365,Hombres,26,Empleado,,3,18:30,,Regresar a Casa,,Su casa,,"Fábrica o taller → Comercio, mercado, tienda o centro comercial",,1403900013783,,home,,CAMIÓN O AUTOBÚS,,35,tipo_origen:revision,,changed,,
4107,1,1407000431024,Hombres,51,Empleado,,1,08:10,,Trabajar,,Su casa,Fábrica o taller,Fábrica o taller → Su casa,,1412000013058 → home,,home,1412000013058,CAMIÓN O AUTOBÚS,,70,tipo_origen:revision;origen:revision,actividad_en_casa,changed,,"Origen y destino rotados en el registro: el viaje 1 se registró de 1412000013058 a casa y el siguiente de casa a otro lado, así que 1412000013058 (Fábrica o taller) es adonde fue y no de donde salió. La primera revisión puso el origen en casa pero dejó el destino en casa (un viaje de casa a casa); aquí el destino es 1412000013058."
4107,1,1407000431024,Hombres,51,Empleado,,2,19:30,,Regresar a Casa,,Su casa,,Fábrica o taller → Su casa,Fábrica o taller,home,1412000013058,home,,CAMIÓN O AUTOBÚS,,40,tipo_origen:revision,,changed,,"Sale de 1412000013058, donde terminó el viaje anterior (el registro lo daba saliendo de casa)."
4107,1,1407000431024,Hombres,51,Empleado,,3,21:30,,Regresar a Casa,,"Comercio, mercado, tienda o centro comercial",,Fábrica o taller,,home,,home,,A PIE,,10,,,dropped,,
4107,1,1407000431024,Hombres,51,Empleado,,4,09:55,,Regresar a Casa,,Su casa,,Fábrica o taller,,home,,home,,A PIE,,10,,,dropped,,
4149,1,1407000431039,Hombres,41,Empleado,,1,06:00,,Trabajar,,Su casa,Fábrica o taller,Fábrica o taller → Su casa,,1403900012588 → home,,home,1403900012588,CAMIÓN O AUTOBÚS,,80,tipo_origen:revision;origen:revision,actividad_en_casa,changed,,"Origen y destino rotados en el registro: el viaje 1 se registró de 1403900012588 a casa y el siguiente de casa a otro lado, así que 1403900012588 (Fábrica o taller) es adonde fue y no de donde salió. La primera revisión puso el origen en casa pero dejó el destino en casa (un viaje de casa a casa); aquí el destino es 1403900012588."
4149,1,1407000431039,Hombres,41,Empleado,,2,19:00,,Regresar a Casa,,Su casa,,Fábrica o taller → Su casa,Fábrica o taller,home,1403900012588,home,,CAMIÓN O AUTOBÚS,,120,tipo_origen:revision,,changed,,"Sale de 1403900012588, donde terminó el viaje anterior (el registro lo daba saliendo de casa)."
4938,5,1409800011824,Hombres,29,Empleado,yes,1,06:04,,Trabajar,,Su casa → Fábrica o taller,,Fábrica o taller → Su casa,,1407000140558 → home,,home,1407000140558,Transporte de personal,,15,tipo_destino:revision;tipo_origen:revision;origen:revision,,changed,,"Origen y destino rotados en el registro: el viaje 1 se registró de 1407000140558 a casa y el siguiente de casa a otro lado, así que 1407000140558 (Fábrica o taller) es adonde fue y no de donde salió. La primera revisión puso el origen en casa pero dejó el destino en casa (un viaje de casa a casa); aquí el destino es 1407000140558."
4938,5,1409800011824,Hombres,29,Empleado,yes,2,15:05,,Regresar a Casa,,Su casa,,Fábrica o taller,Fábrica o taller,home,1407000140558,home,,Transporte de personal,,15,,,,,"Sale de 1407000140558, donde terminó el viaje anterior (el registro lo daba saliendo de casa)."
4963,2,1409800011824,Hombres,27,Empleado,yes,1,06:00,,Trabajar,,Su casa → Fábrica o taller,,Fábrica o taller → Su casa,,1407000140558 → home,,home,1407000140558,Transporte de personal,,15,tipo_destino:revision;tipo_origen:revision;origen:revision,,changed,,"Origen y destino rotados en el registro: el viaje 1 se registró de 1407000140558 a casa y el siguiente de casa a otro lado, así que 1407000140558 (Fábrica o taller) es adonde fue y no de donde salió. La primera revisión puso el origen en casa pero dejó el destino en casa (un viaje de casa a casa); aquí el destino es 1407000140558."
4963,2,1409800011824,Hombres,27,Empleado,yes,2,15:00,,Regresar a Casa,,Su casa,,Fábrica o taller,Fábrica o taller,home,1407000140558,home,,Transporte de personal,,15,,,,,"Sale de 1407000140558, donde terminó el viaje anterior (el registro lo daba saliendo de casa)."
4992,4,1410100011592,Hombres,21,Empleado,,1,08:00,,Trabajar,,Fábrica o taller,,"Comercio, mercado, tienda o centro comercial → Su casa","Comercio, mercado, tienda o centro comercial",1410100010679 → home,1410100010679,1410100010471,,MOTOCICLETA,,5,tipo_origen:revision;origen:revision,,changed,,"Vuelve al origen registrado (1410100010679) y a la respuesta de la persona sobre dónde empezó su día (Comercio, mercado, tienda o centro comercial): es un lugar propio, que no copia el destino ni otro lugar del día, y los minutos de viaje cuadran mejor desde ahí que desde casa. La primera revisión lo movió a casa."
4992,4,1410100011592,Hombres,21,Empleado,,2,17:00,,Regresar a Casa,,Su casa,,"Comercio, mercado, tienda o centro comercial → Fábrica o taller",,1410100010471,,home,,MOTOCICLETA,,5,tipo_origen:revision,,changed,,
5299,3,1410100341978,Hombres,24,Estudiante,,1,07:00,,Estudiar,,Escuela,,Escuela → Su casa,,141012552 → home,,home,141012552,AUTOMÓVIL PARTICULAR,,40,tipo_origen:revision;origen:revision,,changed,,"Origen y destino rotados en el registro: el viaje 1 se registró de 141012552 a casa y el siguiente de casa a otro lado, así que 141012552 (Escuela) es adonde fue y no de donde salió. La primera revisión puso el origen en casa pero dejó el destino en casa (un viaje de casa a casa); aquí el destino es 141012552."
5299,3,1410100341978,Hombres,24,Estudiante,,2,16:30,,Regresar a Casa,,Su casa,,Escuela,Escuela,home,141012552,home,,AUTOMÓVIL PARTICULAR,,40,,,,,"Sale de 141012552, donde terminó el viaje anterior (el registro lo daba saliendo de casa)."
5643,4,1410100092105,Mujeres,49,Hogar,,1,10:00,,Visitar a alguien,,Centro cultural o área recreativa,,"Comercio, mercado, tienda o centro comercial → Su casa","Comercio, mercado, tienda o centro comercial",1410100091465 → home,1410100091465,1403900012145,,CAMIÓN O AUTOBÚS,,15,tipo_origen:revision;origen:revision,,changed,,"Vuelve al origen registrado (1410100091465) y a la respuesta de la persona sobre dónde empezó su día (Comercio, mercado, tienda o centro comercial): es un lugar propio, que no copia el destino ni otro lugar del día, y los minutos de viaje no distinguen, y nada contradice el registro. La primera revisión lo movió a casa."
5643,4,1410100092105,Mujeres,49,Hogar,,2,13:00,,Regresar a Casa,,Su casa,,"Comercio, mercado, tienda o centro comercial → Centro cultural o área recreativa",,1403900012145,,home,,CAMIÓN O AUTOBÚS,,20,tipo_origen:revision,,changed,,
6275,3,1403900014476,Mujeres,27,Empleado,,1,06:01,,Trabajar,,Fábrica o taller,,"Comercio, mercado, tienda o centro comercial → Su casa","Comercio, mercado, tienda o centro comercial",1403900015116 → home,1403900015116,1403900012588,,CAMIÓN O AUTOBÚS,,60,tipo_origen:revision;origen:revision,,changed,,"Vuelve al origen registrado (1403900015116) y a la respuesta de la persona sobre dónde empezó su día (Comercio, mercado, tienda o centro comercial): es un lugar propio, que no copia el destino ni otro lugar del día, y los minutos de viaje no distinguen, y nada contradice el registro. La primera revisión lo movió a casa."
6275,3,1403900014476,Mujeres,27,Empleado,,2,18:00,,Regresar a Casa,,Su casa,,"Comercio, mercado, tienda o centro comercial → Fábrica o taller",,1403900012588,,home,,CAMIÓN O AUTOBÚS,,60,tipo_origen:revision,,changed,,
6489,4,1412000012613,Mujeres,23,Empleado,,1,07:30,,Trabajar,,Su casa → Oficina,,Oficina → Su casa,,1403900011359 → home,,home,1403900011359,TREN LIGERO,,25,tipo_destino:revision;tipo_origen:revision;origen:revision,,changed,,"Origen y destino rotados en el registro: el viaje 1 se registró de 1403900011359 a casa y el siguiente de casa a otro lado, así que 1403900011359 (Oficina) es adonde fue y no de donde salió. La primera revisión puso el origen en casa pero dejó el destino en casa (un viaje de casa a casa); aquí el destino es 1403900011359."
6489,4,1412000012613,Mujeres,23,Empleado,,2,14:00,,Regresar a Casa,,Su casa,,Oficina,Oficina,home,1403900011359,home,,CAMIÓN O AUTOBÚS,,35,,,,,"Sale de 1403900011359, donde terminó el viaje anterior (el registro lo daba saliendo de casa)."
6585,2,1412000011579,Hombres,49,Empleado,,1,08:00,,Trabajar,,Su casa → Fábrica o taller,,Fábrica o taller → Su casa,,1412000011009 → home,,home,1412000011009,CAMIÓN O AUTOBÚS,,60,tipo_destino:revision;tipo_origen:revision;origen:revision,,changed,,"Origen y destino rotados en el registro: el viaje 1 se registró de 1412000011009 a casa y el siguiente de casa a otro lado, así que 1412000011009 (Fábrica o taller) es adonde fue y no de donde salió. La primera revisión puso el origen en casa pero dejó el destino en casa (un viaje de casa a casa); aquí el destino es 1412000011009."
6585,2,1412000011579,Hombres,49,Empleado,,2,19:00,,Regresar a Casa,,Su casa,,Fábrica o taller,Fábrica o taller,home,1412000011009,home,,CAMIÓN O AUTOBÚS,,60,,,,,"Sale de 1412000011009, donde terminó el viaje anterior (el registro lo daba saliendo de casa)."
6600,5,141200001187A,Mujeres,34,Empleado,,1,07:30,,Trabajar,,Su casa → Fábrica o taller,,Oficina → Su casa,Oficina,1403900011359 → home,1403900011359,1412000012613,,TREN LIGERO,,25,tipo_destino:revision;tipo_origen:revision;origen:revision,,changed,,"Vuelve al origen registrado (1403900011359) y a la respuesta de la persona sobre dónde empezó su día (Oficina): es un lugar propio, que no copia el destino ni otro lugar del día, y los minutos de viaje cuadran mejor desde ahí que desde casa. La primera revisión lo movió a casa."
6600,5,141200001187A,Mujeres,34,Empleado,,2,14:03,,Regresar a Casa,,Su casa,,Oficina → Fábrica o taller,,1412000012613,,home,,TREN LIGERO,,35,tipo_origen:revision,,changed,,
7546,5,1409800010370,Mujeres,32,Empleado,,1,09:00,,Trabajar,,Su casa → Fábrica o taller,,"Comercio, mercado, tienda o centro comercial → Su casa","Comercio, mercado, tienda o centro comercial",1412000010373 → home,1412000010373,1409800012841,,CAMIÓN O AUTOBÚS,,80,tipo_destino:revision;tipo_origen:revision;origen:revision,,changed,,"Vuelve al origen registrado (1412000010373) y a la respuesta de la persona sobre dónde empezó su día (Comercio, mercado, tienda o centro comercial): es un lugar propio, que no copia el destino ni otro lugar del día, y los minutos de viaje cuadran mejor desde ahí que desde casa. La primera revisión lo movió a casa."
7546,5,1409800010370,Mujeres,32,Empleado,,2,20:01,,Trabajar,,Otros (especifique),,"Comercio, mercado, tienda o centro comercial → Fábrica o taller",,1409800012841,,1409800010879,,CAMIÓN O AUTOBÚS,,79,tipo_origen:revision,,changed,,
7546,5,1409800010370,Mujeres,32,Empleado,,3,20:49 → 21:20,,Regresar a Casa,,Su casa,,"Comercio, mercado, tienda o centro comercial → Otros (especifique)",,1409800010879,,home,,CAMIÓN O AUTOBÚS,,79,hora:revision;tipo_origen:revision,,changed,,
7871,1,1412000013170,Mujeres,43,Hogar,,1,07:30,,Trabajar,,Oficina,,Oficina → Su casa,,1403900011359 → home,,home,1403900011359,AUTOMÓVIL PARTICULAR,,60,tipo_origen:revision;origen:revision,,changed,,"Origen y destino rotados en el registro: el viaje 1 se registró de 1403900011359 a casa y el siguiente de casa a otro lado, así que 1403900011359 (Oficina) es adonde fue y no de donde salió. La primera revisión puso el origen en casa pero dejó el destino en casa (un viaje de casa a casa); aquí el destino es 1403900011359."
7871,1,1412000013170,Mujeres,43,Hogar,,2,15:30,,Regresar a Casa,,Su casa,,Oficina,Oficina,home,1403900011359,home,,AUTOMÓVIL PARTICULAR,,20,,,,,"Sale de 1403900011359, donde terminó el viaje anterior (el registro lo daba saliendo de casa)."
7871,1,1412000013170,Mujeres,43,Hogar,,3,19:03,,Deportes o recreación,,Centro cultural o área recreativa,,Oficina → Su casa,,home,,home,,A PIE,,6,tipo_origen:revision,,changed,,
7871,1,1412000013170,Mujeres,43,Hogar,,4,19:11,,Regresar a Casa,,Su casa,,Oficina → Centro cultural o área recreativa,,home,,home,,A PIE,,6,tipo_origen:revision,,changed,,
8548,2,1409708332933,Mujeres,24,Empleado,,1,05:00,,Trabajar,,Fábrica o taller,,"Comercio, mercado, tienda o centro comercial → Su casa","Comercio, mercado, tienda o centro comercial",1409708331865 → home,1409708331865,1412000016758,,Transporte de personal,,50,tipo_origen:revision;origen:revision,,changed,,"Vuelve al origen registrado (1409708331865) y a la respuesta de la persona sobre dónde empezó su día (Comercio, mercado, tienda o centro comercial): es un lugar propio, que no copia el destino ni otro lugar del día, y los minutos de viaje no distinguen, y nada contradice el registro. La primera revisión lo movió a casa."
8548,2,1409708332933,Mujeres,24,Empleado,,2,14:30,,Regresar a Casa,,Su casa,,"Comercio, mercado, tienda o centro comercial → Fábrica o taller",,1412000016758,,home,,Transporte de personal,,50,tipo_origen:revision,,changed,,
9449,1,1409700213857,Hombres,36,Empleado,,1,06:00,,Deportes o recreación,,"Deportivo, gimnasio",,"Restaurante, bar, cafetería → Su casa","Restaurante, bar, cafetería",1409700213838 → home,1409700213838,1409700010918,,AUTOMÓVIL PARTICULAR,,15,tipo_origen:revision;origen:revision,,changed,,"Vuelve al origen registrado (1409700213838) y a la respuesta de la persona sobre dónde empezó su día (Restaurante, bar, cafetería): es un lugar propio, que no copia el destino ni otro lugar del día, y los minutos de viaje no distinguen, y nada contradice el registro. La primera revisión lo movió a casa."
9449,1,1409700213857,Hombres,36,Empleado,,2,07:00,,Regresar a Casa,,Su casa,,"Restaurante, bar, cafetería → Deportivo, gimnasio",,1409700010918,,home,,AUTOMÓVIL PARTICULAR,,15,tipo_origen:revision,,changed,,
9449,1,1409700213857,Hombres,36,Empleado,,3,09:00,,Trabajar,,Fábrica o taller,,"Restaurante, bar, cafetería → Su casa",,home,,1409700340250,,A PIE,,20,tipo_origen:revision,,changed,,
9449,1,1409700213857,Hombres,36,Empleado,,4,20:00,,Regresar a Casa,,Su casa,,"Restaurante, bar, cafetería → Fábrica o taller",,1409700340250,,home,,A PIE,,20,tipo_origen:revision,,changed,,
11289,3,1412000012115,Hombres,17,Hogar,,1,11:30,,"Compras (bienes, productos y servicios)",,"Comercio, mercado, tienda o centro comercial",,"Comercio, mercado, tienda o centro comercial → Su casa",,1412000013861 → home,,home,1412000013861,A PIE,,5,tipo_origen:revision;origen:revision,,changed,,"Origen y destino rotados en el registro: el viaje 1 se registró de 1412000013861 a casa y el siguiente de casa a otro lado, así que 1412000013861 (Comercio, mercado, tienda o centro comercial) es adonde fue y no de donde salió. La primera revisión puso el origen en casa pero dejó el destino en casa (un viaje de casa a casa); aquí el destino es 1412000013861."
11289,3,1412000012115,Hombres,17,Hogar,,2,11:40,,Regresar a Casa,,Su casa,,"Comercio, mercado, tienda o centro comercial","Comercio, mercado, tienda o centro comercial",home,1412000013861,home,,A PIE,,5,,,,,"Sale de 1412000013861, donde terminó el viaje anterior (el registro lo daba saliendo de casa)."
11292,2,1412000012115,Hombres,13,Hogar,,1,11:27,,"Compras (bienes, productos y servicios)",,"Comercio, mercado, tienda o centro comercial",,"Comercio, mercado, tienda o centro comercial → Su casa",,1412000013861 → home,,home,1412000013861,A PIE,,5,tipo_origen:revision;origen:revision,,changed,,"Origen y destino rotados en el registro: el viaje 1 se registró de 1412000013861 a casa y el siguiente de casa a otro lado, así que 1412000013861 (Comercio, mercado, tienda o centro comercial) es adonde fue y no de donde salió. La primera revisión puso el origen en casa pero dejó el destino en casa (un viaje de casa a casa); aquí el destino es 1412000013861."
11292,2,1412000012115,Hombres,13,Hogar,,2,11:38,,Regresar a Casa,,Su casa,,"Comercio, mercado, tienda o centro comercial","Comercio, mercado, tienda o centro comercial",home,1412000013861,home,,A PIE,,5,,,,,"Sale de 1412000013861, donde terminó el viaje anterior (el registro lo daba saliendo de casa)."
13154,2,141200142,Mujeres,37,Hogar,,1,21:00,,"Compras (bienes, productos y servicios)",,"Comercio, mercado, tienda o centro comercial",,"Comercio, mercado, tienda o centro comercial → Su casa",,1412002434709 → home,,home,1412002434709,A PIE,,10,tipo_origen:revision;origen:revision,,changed,,"Origen y destino rotados en el registro: el viaje 1 se registró de 1412002434709 a casa y el siguiente de casa a otro lado, así que 1412002434709 (Comercio, mercado, tienda o centro comercial) es adonde fue y no de donde salió. La primera revisión puso el origen en casa pero dejó el destino en casa (un viaje de casa a casa); aquí el destino es 1412002434709."
13154,2,141200142,Mujeres,37,Hogar,,2,10:00 → 22:00,,Regresar a Casa,,Su casa,,"Comercio, mercado, tienda o centro comercial","Comercio, mercado, tienda o centro comercial",home,1412002434709,home,,A PIE,,5,hora:+12h,,changed,,"Sale de 1412002434709, donde terminó el viaje anterior (el registro lo daba saliendo de casa)."
16969,1,1404400020115,Hombres,29,Trabajador independiente,,1,14:00,,Visitar a alguien,,"Restaurante, bar, cafetería",,"Comercio, mercado, tienda o centro comercial → Su casa","Comercio, mercado, tienda o centro comercial",1407000430295 → home,1407000430295,1409700010918,,AUTOMÓVIL PARTICULAR,,70,tipo_origen:revision;origen:revision,,changed,,"Vuelve al origen registrado (1407000430295) y a la respuesta de la persona sobre dónde empezó su día (Comercio, mercado, tienda o centro comercial): es un lugar propio, que no copia el destino ni otro lugar del día, y los minutos de viaje no distinguen, y nada contradice el registro. La primera revisión lo movió a casa."
16969,1,1404400020115,Hombres,29,Trabajador independiente,,2,19:00,,Regresar a Casa,,Su casa,,"Comercio, mercado, tienda o centro comercial → Restaurante, bar, cafetería",,1409700010918,,home,,AUTOMÓVIL PARTICULAR,,90,tipo_origen:revision,,changed,,
