CVEGEO,CENSO,VIVIENDA,HABITANTE,VIAJES_VIVIENDA,VIAJES_ORIGEN,VIAJES_DESTINO
1.4097E+12,12F,12F,12F,12F,12F,12F
1.4039E+12,9,,,,5,5
1.4098E+12,18,18,18,18,18,18
1.407E+12,29F,,,,29F,29F
1.407E+12,29F,29F,29F,29F,29F,29F
1.407E+12,35,35,35,35,35,35
1.4039E+12,9,,,,9,9
1.4098E+12,18,18,18,18,18,18
1.4098E+12,18,18,18,18,18,18
1.4098E+12,18,,,,18,18
1.407E+12,35,35,35,35,35,35
140700021101A,35,35,35,35,35,35
1.407E+12,35,,,,35,35
1.407E+12,35,35,35,35,35,35
1.407E+12,35,35,35,35,35,35
140390001418A,9,9,9,9,9,9
1.4098E+12,18,,,,18,18
1.4098E+12,18,18,18,18,18,18
1.4039E+12,9,9,9,9,9,9
1.4101E+12,7,,,,7,7
1.4039E+12,9,,,,9,9
1.4101E+12,7,7,7,7,7,7
1.4039E+12,9,9,9,9,9,9
1.4039E+12,9,9,9,9,9,9
1.4039E+12,9,9,9,9,9,9
1.4039E+12,8,8,8,8,8,8
141010001108A,7,7,7,7,7,7
1.4098E+12,7,,,,7,7
1.4039E+12,9,,,,9,9
1.4039E+12,9,9,9,9,9,9
1.4039E+12,8,,,,8,8
1.4039E+12,8,8,8,8,8,8
1.4039E+12,8,,,,8,8
1.4098E+12,7,,,,7,7
1.4039E+12,9,,,,9,9
1.4039E+12,8,,,,8,8
140390001514A,8,,,,,
1.4039E+12,8,,,,,
1.407E+12,35,,,,35,35
1.4097E+12,11F,11F,11F,11F,11F,11F
140970001212A,11F,11F,11F,11F,11F,11F
1.4097E+12,11F,11F,11F,11F,11F,11F
1.4097E+12,11F,,,,,
1.4097E+12,59,59,59,59,59,59
1.4097E+12,59,59,59,59,59,59
1.4097E+12,59,59,59,59,59,59
1.4097E+12,59,59,59,59,59,59
1.4097E+12,02F,02F,02F,02F,02F,02F
1.4097E+12,02F,02F,02F,02F,02F,02F
140970006,02F,,,,,
140970117,02F,,,,,
140970800,02F,,,,,
1.4044E+12,54,,,,54,54
1.4044E+12,54,,,,,
1.4097E+12,02F,02F,02F,02F,02F,02F
1.4097E+12,02F,,,,,
140970003,37F,,,,,
140970028,37F,,,,,
140970177,37F,,,,,
1.4044E+12,02F,02F,02F,02F,02F,02F
140970186,51F,,,,,
1.4097E+12,11F,,,,,
1.4097E+12,11F,,,,,
140970877,11F,,,,,
1.4097E+12,51F,51F,51F,51F,51F,51F
1.4097E+12,51F,51F,51F,51F,51F,51F
140970015319A,51F,,,,,
1.4097E+12,51F,51F,51F,51F,51F,51F
1.4097E+12,51F,,,,,
1.4097E+12,51F,,,,,
1.4097E+12,51F,51F,51F,51F,51F,51F
1.4097E+12,51F,,,,,
1.4097E+12,51F,,,,,
1.4097E+12,51F,,,,,
1.4097E+12,51F,,,,,
1.4097E+12,51F,,,,,
1.4097E+12,51F,,,,51F,51F
1.4097E+12,51F,,,,,
1.4097E+12,51F,,,,,
1.4097E+12,51F,,,,,
1.4097E+12,51F,51F,51F,51F,51F,51F
1.4097E+12,51F,,,,,
1.4097E+12,51F,51F,51F,51F,51F,51F
1.4097E+12,51F,51F,51F,51F,51F,51F
1.4097E+12,51F,,,,,
140970441,NA,,,,,
140970014,NA,,,,,
1.4097E+12,59,,,,59,59
140970004,NA,,,,,
140970502,59,,,,,
140970743,59,,,,,
1.4097E+12,59,59,59,59,59,59
1.4097E+12,59,59,59,59,59,59
1.4097E+12,59,,,,59,59
140970005034A,59,59,59,59,59,59
1.4097E+12,59,,,,59,59
140970005066A,59,,,,,
1.4097E+12,59,,,,59,59
1.4097E+12,59,,,,,
1.4097E+12,59,,,,59,59
1.412E+12,14F,14F,14F,14F,14F,14F
1.412E+12,14F,14F,14F,14F,14F,14F
1.41201E+12,14F,,,,,
1.412E+12,65A,,,,65A,65A
1.412E+12,65A,,,,,
141200318,65A,,,,,
1.412E+12,65A,,,,65A,65A
1.412E+12,65B,,,,65B,65B
1.4039E+12,5,,,,5,5
1.412E+12,65B,65B,65B,65B,65B,65B
1.4039E+12,5,5,5,5,5,5
1.4039E+12,5,,,,5,5
1.412E+12,69B,69B,69B,69B,69B,69B
1.412E+12,69B,69B,69B,69B,69B,69B
1.412E+12,69B,,,,69B,69B
1.4039E+12,5,5,5,5,5,5
1.4039E+12,5,5,5,5,5,5
1.4039E+12,69B,69B,69B,69B,69B,69B
1.412E+12,69B,,,,69B,69B
1.4039E+12,70B,70B,70B,70B,70B,70B
1.4039E+12,70B,70B,70B,70B,70B,70B
1.4039E+12,5,,,,5,5
1.4039E+12,5,5,5,5,5,5
1.4039E+12,5,,,,5,5
1.4039E+12,69A,69A,69A,69A,69A,69A
1.4039E+12,70B,,,,70B,70B
1.4039E+12,70B,,,,70B,70B
1.4039E+12,70B,70B,70B,70B,70B,70B
1.4039E+12,70B,70B,70B,70B,70B,70B
1.4039E+12,70B,70B,70B,70B,70B,70B
1.4039E+12,70B,,,,70B,70B
1.4039E+12,70B,,,,,
1.4039E+12,70B,,,,,
1.4039E+12,69A,69A,69A,69A,69A,69A
1.4039E+12,70B,,,,70B,70B
1.4039E+12,70B,70B,70B,70B,70B,70B
140390001005A,69A,69A,69A,69A,69A,69A
1.4039E+12,69A,69A,69A,69A,69A,69A
140970033,NA,,,,,
140970011,NA,,,,,
140970013,NA,,,,,
141200022,14F,,,,,
1.40971E+12,30F,,,,30F,30F
1.4097E+12,30F,,,,30F,30F
1.4097E+12,30F,30F,30F,30F,30F,30F
1.4098E+12,32,32,32,32,32,32
1.407E+12,32,32,32,32,32,32
1.4098E+12,34,34,34,34,34,34
1.4098E+12,34,,,,34,34
1.4098E+12,34,,,,34,34
1.4098E+12,34,34,34,34,34,34
1.4098E+12,34,34,34,34,34,34
1.4098E+12,57,,,,57,57
1.4098E+12,43,43,43,43,43,43
1.4098E+12,22,,,,,
1.4097E+12,22,22,22,22,22,22
1.4097E+12,22,22,22,22,22,22
1.4097E+12,22,22,22,22,22,22
1.407E+12,32,32,32,32,32,32
140980001167A,34,,,,34,34
1.4098E+12,34,34,34,34,34,34
1.4098E+12,34,57,57,57,57,57
1.4098E+12,43,43,43,43,43,43
140980001256A,43,43,43,43,43,43
1.412E+12,69B,69B,69B,69B,69B,69B
1.4098E+12,32,32,32,32,32,32
1.407E+12,37F,,,,37F,37F
1.4098E+12,34,,,,34,34
1.4098E+12,34,34,34,34,34,34
140980001142A,34,,,,34,34
1.4098E+12,43,,,,43,43
1.4098E+12,43,,,,43,43
1.412E+12,69B,69B,69B,69B,69B,69B
141200001116A,69B,69B,69B,69B,69B,69B
1.4098E+12,37F,37F,37F,37F,37F,37F
1.412E+12,24B,24B,24B,24B,24B,24B
1.412E+12,24B,24B,24B,24B,24B,24B
1.412E+12,24B,24B,24B,24B,24B,24B
1.412E+12,21A,21A,21A,21A,21A,21A
1.412E+12,24B,,,,24B,24B
1.412E+12,24B,,,,24B,24B
1.412E+12,24B,24B,24B,24B,24B,24B
1.412E+12,24B,,,,24B,24B
1.412E+12,21A,24B,24B,24B,24B,24B
1.412E+12,21A,21A,21A,21A,21A,21A
1.412E+12,21A,21A,21A,21A,21A,21A
1.412E+12,21A,21A,21A,21A,21A,21A
1.412E+12,21A,21A,21A,21A,21A,21A
1.412E+12,21A,21A,21A,21A,21A,21A
1.412E+12,21A,21A,21A,21A,21A,21A
140970852415A,11F,,,,,
1.40971E+12,11F,11F,11F,11F,11F,11F
1.40971E+12,11F,11F,11F,11F,11F,11F
140980029,22,,,,,
140970561,11F,,,,,
1.40971E+12,39F,39F,39F,39F,39F,39F
1.40971E+12,39F,39F,39F,39F,39F,39F
1.40971E+12,39F,39F,39F,39F,39F,39F
1.40971E+12,39F,39F,39F,39F,39F,39F
1.40971E+12,39F,,,,,
1.40971E+12,39F,39F,39F,39F,39F,39F
140980134,30,,,,,
140970848,30,,,,,
140970636,30,,,,,
140970904,39F,,,,,
140970872,30,,,,,
140970459,30,,,,,
1.4097E+12,12F,12F,12F,12F,12F,12F
1.4097E+12,12F,12F,12F,12F,12F,12F
140970552,12F,,,,,
1.4097E+12,30F,30F,30F,30F,30F,30F
1.4097E+12,30F,,,,,
1.4097E+12,30F,,,,,
1.4097E+12,30F,,,,30F,30F
1.4097E+12,30F,,,,,
1.4097E+12,30F,,,,30F,30F
1.4097E+12,30F,,,,30F,30F
140970832,30F,,,,,
1.40971E+12,30,30,30,30,30,30
1.4097E+12,30F,,,,,
1.4097E+12,30F,,,,,
140970864,30F,,,,,
1.40971E+12,30,30,30,30,30,30
140970854,12F,,,,,
1.4097E+12,12F,12F,12F,12F,12F,12F
1.4097E+12,12F,12F,12F,12F,12F,12F
1.4097E+12,12F,,,,12F,12F
1.4097E+12,12F,12F,12F,12F,12F,12F
1.4097E+12,12F,,,,12F,12F
1.4097E+12,12F,12F,12F,12F,12F,12F
1.4097E+12,12F,,,,12F,12F
140970349,12F,,,,,
140970701,12F,,,,,
1.4097E+12,12F,,,,,
1.4097E+12,12F,,,,12F,12F
140970575,12F,,,,,
140970725,12F,,,,,
1.4097E+12,12F,,,,12F,12F
1.4097E+12,12F,,,,12F,12F
1.4097E+12,12F,,,,,
1.4097E+12,12F,,,,,
1.4097E+12,12F,12F,12F,12F,12F,12F
1.4097E+12,12F,,,,,
1.4097E+12,30F,,,,,
1.4097E+12,30F,30F,30F,30F,30F,30F
1.4097E+12,30F,,,,,
1.4097E+12,30F,,,,,
1.4097E+12,30F,,,,,
1.4097E+12,30F,,,,30F,30F
1.4097E+12,30F,,,,30F,30F
1.4097E+12,30F,,,,,
1.4097E+12,30F,,,,,
140970870408A,30F,,,,,
140970647,30F,,,,,
1.4097E+12,30F,,,,,
1.4097E+12,17,17,17,17,17,17
1.4097E+12,17,17,17,17,17,17
1.4097E+12,11F,,,,11F,11F
1.4097E+12,17,17,17,17,17,17
1.4097E+12,17,17,17,17,17,17
1.4097E+12,17,17,17,17,17,17
140970658,17,,,,,
1.40971E+12,39F,39F,39F,39F,39F,39F
1.4097E+12,17,,,,,
1.4097E+12,17,,,,,
1.4097E+12,17,,,,,
1.4097E+12,11F,11F,11F,11F,11F,11F
140970001109A,11F,,,,11F,11F
1.4097E+12,11F,,,,,
1.4097E+12,11F,11F,11F,11F,11F,11F
1.4097E+12,11F,,,,,
1.4097E+12,11F,11F,11F,11F,11F,11F
1.4097E+12,11F,,,,,
1.4097E+12,11F,11F,11F,11F,11F,11F
1.4097E+12,11F,,,,11F,11F
1.4097E+12,11F,11F,11F,11F,11F,11F
1.4097E+12,17,,,,17,17
1.4097E+12,17,17,17,17,17,17
1.4097E+12,17,,,,17,17
140970835365A,11F,11F,11F,11F,11F,11F
1.40971E+12,11F,11F,11F,11F,11F,11F
1.40971E+12,11F,11F,11F,11F,11F,11F
1.40971E+12,11F,11F,11F,11F,11F,11F
1.4097E+12,11F,,,,,
1.4097E+12,11F,11F,11F,11F,11F,11F
1.4097E+12,11F,,,,,
1.4097E+12,11F,,,,,
1.40971E+12,11F,,,,,
1.40971E+12,11F,11F,11F,11F,11F,11F
140970045,39F,,,,,
140970823422A,39F,,,,,
1.4097E+12,17,17,17,17,17,17
1.4097E+12,17,,,,,
1.4097E+12,30F,30F,30F,30F,30F,30F
1.4098E+12,30,,,,,
1.4098E+12,30,30,30,30,30,30
1.4098E+12,30,,,,,
1.4097E+12,30,30,30,30,30,30
1.4097E+12,30,,,,,
140970884397A,30,30,30,30,30,30
1.40971E+12,30,30,30,30,30,30
1.4097E+12,30F,30F,30F,30F,30F,30F
1.4097E+12,30F,30F,30F,30F,30F,30F
1.4098E+12,30,,,,30,30
1.4098E+12,30,30,30,30,30,30
1.4097E+12,30,,,,30,30
140970025301A,30,,,,,
1.4098E+12,30,,,,30,30
1.40971E+12,30,,,,30,30
1.4097E+12,30F,,,,,
1.40971E+12,30,,,,30,30
1.40971E+12,30,30,30,30,30,30
1.40971E+12,30,30,30,30,30,30
1.40971E+12,30,30,30,30,30,30
1.4097E+12,30,,,,30,30
1.4097E+12,30,30,30,30,30,30
140970025080A,30,,,,30,30
1.4097E+12,30F,,,,,
1.40971E+12,30F,,,,,
1.4097E+12,30F,,,,30F,30F
1.4097E+12,30F,,,,,
1.4097E+12,30F,,,,,
1.4097E+12,30F,30F,30F,30F,30F,30F
1.40971E+12,30,,,,,
1.4097E+12,30,30,30,30,30,30
1.4097E+12,30,,,,,
140970025073A,30,,,,,
140970729,30,,,,,
1.4097E+12,30,,,,,
1.4097E+12,30,,,,,
1.4097E+12,30F,,,,,
1.4097E+12,30F,30F,30F,30F,30F,30F
1.4097E+12,30F,,,,30F,30F
140970025130A,30F,,,,30F,30F
1.4097E+12,30F,,,,,
1.4097E+12,30,,,,30,30
1.4098E+12,30,,,,30,30
1.4097E+12,30,,,,30,30
1.4097E+12,30,30,30,30,30,30
1.4097E+12,30,,,,30,30
1.4097E+12,30,30,30,30,30,30
1.4097E+12,30,,,,,
140970032116A,30,,,,30,30
140970032027A,30,30,30,30,30,30
1.4097E+12,30,30,30,30,30,30
1.4097E+12,30,,,,,
1.4097E+12,30,,,,,
1.4097E+12,30,,,,,
1.4097E+12,30,,,,,
1.4097E+12,30,,,,,
1.4097E+12,30,,,,30,30
1.4097E+12,30,30,30,30,30,30
1.4097E+12,30,,,,30,30
1.4098E+12,30,,,,,
1.4098E+12,30,,,,,
1.4097E+12,30,30,30,30,30,30
1.4097E+12,30,,,,30,30
1.40971E+12,30,30,30,30,30,30
1.40971E+12,30,,,,,
1.40971E+12,30,,,,,
1.40971E+12,30,,,,,
1.4097E+12,30,,,,30,30
1.4097E+12,30,,,,,
1.4097E+12,30,,,,30,
140980014295A,30,,,,30,30
1.4098E+12,30,,,,,
1.4098E+12,30,,,,,
1.4098E+12,30,30,30,30,30,30
1.4098E+12,30,30,30,30,30,30
140970879,30,,,,,
140980083,30,,,,,
140980126,30,,,,,
140980092,22,,,,,
1.4098E+12,30,30,30,30,30,30
1.4098E+12,30,30,30,30,30,30
1.4098E+12,30,,,,30,30
140980049,22,,,,,
1.4097E+12,24A,,,,,
1.412E+12,24A,24A,24A,24A,24A,24A
1.412E+12,25,,,,25,25
1.412E+12,25,25,25,25,25,25
1.412E+12,25,25,25,25,25,25
1.412E+12,25,25,25,25,25,25
1.412E+12,23,23,23,23,23,23
1.412E+12,23,,,,,
1.412E+12,23,23,23,23,23,23
1.412E+12,23,23,23,23,23,23
1.412E+12,23,,,,,
1.412E+12,23,23,23,23,23,23
1.412E+12,25,,,,,
1.412E+12,23,23,23,23,23,23
141200001454A,24B,24B,24B,24B,24B,24B
1.412E+12,24B,,,,24B,24B
1.412E+12,24B,24B,24B,24B,24B,24B
1.412E+12,24B,,,,24B,24B
1.412E+12,24B,24B,24B,24B,24B,24B
1.412E+12,24B,,,,24B,24B
1.412E+12,24B,,,,24B,24B
1.412E+12,24B,24B,24B,24B,24B,24B
1.412E+12,24B,,,,,
1.412E+12,23,,,,,
141200468,25,,,,,
1.412E+12,25,,,,,
1.4097E+12,24A,,,,24A,24A
1.412E+12,24A,24A,24A,24A,24A,24A
1.412E+12,24A,24A,24A,24A,24A,24A
141200001657A,24A,24A,24A,24A,24A,24A
1.412E+12,24A,24A,24A,24A,24A,24A
140970180123A,24A,24A,24A,24A,24A,24A
1.412E+12,24B,24B,24B,24B,24B,24B
1.412E+12,24B,24B,24B,24B,24B,24B
1.412E+12,43,,,,43,43
1.412E+12,43,,,,43,43
1.412E+12,24B,,,,24B,24B
1.412E+12,24B,,,,24B,24B
1.412E+12,24B,,,,24B,24B
1.4097E+12,24A,24A,24A,24A,24A,24A
1.4097E+12,24A,,,,,
1.412E+12,24A,,,,,
1.412E+12,24A,24A,24A,24A,24A,24A
1.412E+12,24A,,,,24A,24A
1.412E+12,25,25,25,25,25,25
1.412E+12,25,25,25,25,25,25
1.412E+12,25,25,25,25,25,25
1.412E+12,25,25,25,25,25,25
1.412E+12,25,25,25,25,25,25
1.412E+12,23,23,23,23,23,23
1.412E+12,23,23,23,23,23,23
1.412E+12,23,23,23,23,23,23
1.412E+12,25,25,25,25,25,25
1.412E+12,25,25,25,25,25,25
141200001707A,25,25,25,25,25,25
1.412E+12,23,23,23,23,23,23
1.412E+12,23,23,23,23,23,23
1.412E+12,23,23,23,23,23,23
1.412E+12,23,,,,23,23
1.412E+12,23,23,23,23,23,23
141200001632A,23,,,,23,23
1.412E+12,25,,,,,
1.412E+12,23,,,,,
1.412E+12,25,,,,,
1.412E+12,23,,,,,
1.412E+12,23,23,23,23,23,23
1.412E+12,23,,,,,
141200001237A,24B,,,,24B,24B
1.412E+12,24B,,,,24B,24B
1.412E+12,24B,,,,,
1.412E+12,24B,,,,24B,24B
1.412E+12,24B,24B,24B,24B,24B,24B
1.412E+12,24B,,,,24B,24B
1.412E+12,23,,,,,
1.412E+12,22,22,22,22,22,22
1.412E+12,43,43,43,43,43,43
1.412E+12,24A,24A,24A,24A,24A,24A
1.412E+12,22,22,22,22,22,22
140970424098A,22,22,22,22,22,22
1.412E+12,22,22,22,22,22,22
141200001340A,22,22,22,22,22,22
1.412E+12,22,22,22,22,22,22
1.4097E+12,22,,,,22,22
1.4097E+12,22,22,22,22,22,22
1.4098E+12,22,22,22,22,22,22
1.412E+12,22,22,22,22,22,22
1.412E+12,22,22,22,22,22,22
1.412E+12,24B,,,,24B,24B
1.412E+12,24B,24B,24B,24B,24B,24B
1.412E+12,24B,,,,24B,24B
1.412E+12,24B,,,,24B,24B
141200001550A,24B,,,,24B,24B
1.412E+12,24B,,,,24B,24B
1.412E+12,24B,,,,24B,24B
1.412E+12,24B,24B,24B,24B,24B,24B
1.412E+12,24B,,,,24B,24B
1.412E+12,24B,24B,24B,24B,24B,24B
141200001447A,24B,,,,24B,24B
141200001251A,24B,24B,24B,24B,24B,24B
1.412E+12,24B,,,,24B,24B
1.412E+12,24B,,,,24B,24B
1.412E+12,24B,24B,24B,24B,24B,24B
1.412E+12,24B,24B,24B,24B,24B,24B
1.412E+12,65A,65A,65A,65A,65A,65A
1.412E+12,65A,,,,65A,65A
1.412E+12,24B,,,,24B,24B
1.412E+12,24B,,,,24B,24B
1.412E+12,65A,65A,65A,65A,65A,65A
1.412E+12,65A,65A,65A,65A,65A,65A
1.412E+12,69B,69B,69B,69B,69B,69B
1.412E+12,21A,21A,21A,21A,21A,21A
1.412E+12,21A,21A,21A,21A,21A,21A
1.412E+12,21A,21A,21A,21A,21A,21A
1.412E+12,21A,21A,21A,21A,21A,21A
1.412E+12,23,23,23,23,23,23
1.412E+12,65A,,,,65A,65A
1.412E+12,23,23,23,23,23,23
1.412E+12,23,24B,24B,24B,24B,24B
141200001479A,23,,,,,
1.412E+12,23,,,,23,23
1.412E+12,24B,,,,24B,24B
1.412E+12,23,,,,,
1.412E+12,65A,65A,65A,65A,65A,65A
1.412E+12,65A,,,,65A,65A
1.412E+12,65A,,,,65A,65A
1.412E+12,65A,,,,65A,65A
141200001397A,65A,,,,65A,65A
1.412E+12,65A,,,,,
1.412E+12,65A,,,,65A,65A
1.412E+12,65A,,,,,
141200001582A,24B,24B,24B,24B,24B,24B
1.412E+12,24B,,,,24B,24B
1.412E+12,21A,,,,21A,21A
1.412E+12,21A,21A,21A,21A,21A,21A
1.412E+12,24B,24B,24B,24B,24B,24B
1.412E+12,24B,24B,24B,24B,24B,24B
1.412E+12,24B,24B,24B,24B,24B,24B
1.412E+12,21A,21A,21A,21A,21A,21A
1.412E+12,21A,21A,21A,21A,21A,21A
1.412E+12,24B,24B,24B,24B,24B,24B
1.412E+12,24B,,,,24B,24B
141200001461A,24B,,,,24B,24B
1.412E+12,24B,24B,24B,24B,24B,24B
1.412E+12,21A,,,,21A,21A
1.412E+12,24B,,,,24B,24B
141200001194A,24B,24B,24B,24B,24B,24B
141200001301A,21A,21A,21A,21A,21A,21A
1.412E+12,21A,21A,21A,21A,21A,21A
1.412E+12,69B,69B,69B,69B,69B,69B
141200001290A,69B,69B,69B,69B,69B,69B
1.412E+12,69B,69B,69B,69B,69B,69B
1.412E+12,69B,,,,,
1.412E+12,69B,,,,69B,69B
1.412E+12,69B,,,,69B,69B
1.4097E+12,37F,,,,37F,37F
140970775,34,,,,,
1.40971E+12,38,,,,38,38
1.40971E+12,38,38,38,38,38,38
1.40971E+12,38,,,,,
1.40971E+12,38,38,38,38,38,38
1.40971E+12,38,38,38,38,38,38
140970822372A,38,,,,,
1.40971E+12,38,,,,38,38
1.40971E+12,38,,,,,
1.40971E+12,39F,,,,,
1.4097E+12,37F,,,,,
1.4097E+12,34,,,,,
1.4098E+12,34,34,34,34,34,34
1.4098E+12,34,,,,34,34
1.4098E+12,34,34,34,34,34,34
1.4098E+12,34,34,34,34,34,34
1.4098E+12,34,,,,,
1.40971E+12,38,,,,38,38
1.40971E+12,38,38,38,38,38,38
140970822358A,38,38,38,38,38,38
1.40971E+12,38,38,38,38,38,38
1.40971E+12,38,38,38,38,38,38
1.40971E+12,38,,,,38,38
1.4097E+12,02F,,,,02F,02F
1.4097E+12,39F,,,,39F,39F
140970023276A,11F,11F,11F,11F,11F,11F
1.4097E+12,11F,,,,11F,11F
1.4097E+12,11F,11F,11F,11F,11F,11F
1.40971E+12,11F,,,,11F,11F
1.4097E+12,11F,11F,11F,11F,11F,11F
1.4097E+12,11F,11F,11F,11F,11F,11F
1.40971E+12,39F,39F,39F,39F,39F,39F
1.40971E+12,39F,39F,39F,39F,39F,39F
1.40971E+12,39F,39F,39F,39F,39F,39F
140970862290A,39F,39F,39F,39F,39F,39F
1.40971E+12,39F,39F,39F,39F,39F,39F
1.4097E+12,39F,39F,39F,39F,39F,39F
140970843269A,39F,39F,39F,39F,39F,39F
1.40971E+12,39F,39F,39F,39F,39F,39F
1.40971E+12,39F,39F,39F,39F,39F,39F
1.40971E+12,39F,,,,39F,39F
140970862340A,39F,39F,39F,39F,39F,39F
1.40971E+12,39F,39F,39F,39F,39F,39F
1.40971E+12,39F,39F,39F,39F,39F,39F
1.40971E+12,39F,39F,39F,39F,39F,39F
1.40971E+12,39F,39F,39F,39F,39F,39F
1.40971E+12,38,38,38,38,38,38
1.40971E+12,38,,,,38,
1.40971E+12,38,38,38,38,38,38
1.40971E+12,38,,,,38,38
1.40971E+12,38,,,,,
1.40971E+12,38,38,38,38,38,38
1.40971E+12,38,,,,38,38
1.40971E+12,38,38,38,38,38,38
1.40971E+12,38,,,,38,38
1.40971E+12,38,,,,38,38
1.40971E+12,38,,,,,
1.40971E+12,38,,,,,
1.40971E+12,38,,,,38,38
1.40971E+12,38,38,38,38,38,38
1.40971E+12,38,,,,38,38
140970822251A,38,,,,,
1.40971E+12,38,,,,38,38
1.40971E+12,38,38,38,38,38,38
1.40971E+12,38,38,38,38,38,38
140970822194A,38,,,,38,38
1.40971E+12,38,,,,,
1.40971E+12,37F,,,,37F,37F
1.40971E+12,38,38,38,38,38,38
140970833148A,38,,,,,
1.40971E+12,38,,,,38,38
1.40971E+12,38,,,,,
1.40971E+12,37F,,,,37F,37F
1.40971E+12,38,,,,,
1.40971E+12,38,38,38,38,38,38
140970833162A,38,,,,,
1.40971E+12,39F,39F,39F,39F,39F,39F
1.40971E+12,38,,,,38,38
1.40971E+12,38,38,38,38,38,38
140970883,38,,,,,
1.40971E+12,38,38,38,38,38,38
1.40971E+12,38,,,,38,38
1.40971E+12,38,38,38,38,38,38
1.40971E+12,38,,,,,
1.40971E+12,38,,,,,
1.40971E+12,38,,,,38,38
1.40971E+12,39F,39F,39F,39F,39F,39F
1.40971E+12,38,,,,,
1.40971E+12,38,38,38,38,38,38
1.40971E+12,38,,,,38,38
1.40971E+12,38,,,,,
1.40971E+12,38,,,,,
1.40971E+12,38,,,,,
140980003,30,,,,,
1.40971E+12,34,34,34,34,34,34
1.40971E+12,34,34,34,34,34,34
1.4098E+12,34,,,,34,34
1.4098E+12,34,34,34,34,34,34
140980128288A,34,34,34,34,34,34
140970838,38,,,,,
1.4097E+12,38,,,,,
1.4097E+12,38,,,,38,38
1.4097E+12,38,,,,,
1.40971E+12,38,,,,38,38
1.4097E+12,38,,,,38,38
1.40971E+12,38,38,38,38,38,38
1.4097E+12,38,,,,38,38
1.40971E+12,38,,,,38,38
140970860,38,,,,,
140970822155A,38,,,,38,38
1.40971E+12,38,,,,38,38
1.40971E+12,38,38,38,38,38,38
1.4097E+12,38,,,,38,38
1.4097E+12,38,,,,,
1.4097E+12,38,,,,,
1.40971E+12,38,,,,,
1.4097E+12,38,38,38,38,38,38
1.40971E+12,38,,,,38,38
140970853187A,38,,,,38,38
1.40971E+12,38,,,,,
1.40971E+12,38,38,38,38,38,38
140970831205A,37F,37F,37F,37F,37F,37F
1.40971E+12,38,,,,38,38
1.40971E+12,38,38,38,38,38,38
1.4097E+12,38,,,,,
1.40971E+12,38,,,,37F,37F
1.40971E+12,38,,,,,
1.40971E+12,37F,37F,37F,37F,37F,37F
1.40971E+12,37F,37F,37F,37F,37F,37F
1.40971E+12,37F,37F,37F,37F,37F,37F
1.40971E+12,37F,,,,37F,37F
1.4098E+12,34,34,34,34,34,34
140970880,34,,,,,
1.4098E+12,34,34,34,34,34,34
140980105,34,,,,,
140970866,34,,,,,
1.4098E+12,34,,,,34,34
1.40971E+12,38,38,38,38,38,38
1.40971E+12,38,,,,,
1.40971E+12,38,,,,38,38
1.40971E+12,38,38,38,38,38,38
1.4097E+12,59,59,59,59,59,59
1.4097E+12,02F,,,,,
1.4097E+12,59,59,59,59,59,59
1.4097E+12,02F,02F,02F,02F,02F,02F
1.4097E+12,02F,02F,02F,02F,02F,02F
1.4097E+12,02F,02F,02F,02F,02F,02F
1.4097E+12,02F,02F,02F,02F,02F,02F
140970041333A,02F,,,,,
1.4097E+12,02F,,,,,
1.4097E+12,02F,,,,02F,02F
1.4097E+12,02F,,,,,
1.4097E+12,02F,,,,,
1.4097E+12,02F,,,,,
1.4097E+12,02F,,,,,
1.4097E+12,02F,,,,,
1.407E+12,35,35,35,35,35,35
1.407E+12,35,,,,,
140700014044A,35,35,35,35,35,35
1.407E+12,35,,,,,
1.407E+12,37F,,,,,
1.4097E+12,37F,37F,37F,37F,37F,37F
1.4097E+12,37F,,,,,
1.4097E+12,37F,37F,37F,37F,37F,37F
1.407E+12,35,,,,35,35
1.407E+12,35,35,35,35,35,35
1.407E+12,35,35,35,35,35,35
1.407E+12,35,35,35,35,35,35
141200230,46F,,,,,
1.412E+12,46F,,,,,
1.4097E+12,37F,,,,,
1.4097E+12,37F,37F,37F,37F,37F,37F
1.4097E+12,37F,37F,37F,37F,37F,37F
1.4097E+12,37F,,,,,
140970856,37F,,,,,
1.407E+12,37F,37F,37F,37F,37F,37F
1.407E+12,37F,37F,37F,37F,37F,37F
1.4097E+12,37F,37F,37F,37F,37F,37F
1.407E+12,35,35,35,35,35,35
1.407E+12,35,35,35,35,35,35
1.407E+12,37F,,,,37F,37F
140980001320A,37F,37F,37F,37F,37F,37F
1.4098E+12,37F,37F,37F,37F,37F,37F
1.4098E+12,37F,,,,37F,37F
1.4098E+12,37F,,,,37F,37F
140980001270A,34,34,34,34,34,34
1.4098E+12,34,,,,34,34
1.407E+12,37F,37F,37F,37F,37F,37F
1.4097E+12,37F,,,,,
140700013005A,32,32,32,32,32,32
1.407E+12,37F,,,,37F,37F
1.407E+12,37F,37F,37F,37F,37F,37F
1.407E+12,37F,37F,37F,37F,37F,37F
140970041326A,02F,,,,,
1.407E+12,35,,,,,
1.407E+12,35,,,,,
1.407E+12,35,35,35,35,35,35
1.407E+12,35,,,,,
1.407E+12,35,32,32,32,32,32
1.407E+12,35,,,,35,35
1.407E+12,35,35,35,35,35,35
1.407E+12,35,35,35,35,35,35
1.407E+12,35,,,,35,35
1.407E+12,35,35,35,35,35,35
1.407E+12,35,,,,35,35
1.407E+12,35,35,35,35,35,35
1.407E+12,35,,,,,
1.407E+12,35,35,35,35,35,35
140700014083A,35,35,35,35,35,35
1.407E+12,35,35,35,35,35,35
1.407E+12,35,35,35,35,35,35
1.407E+12,35,35,35,35,35,35
1.407E+12,35,35,35,35,35,35
1.407E+12,35,,,,,
1.407E+12,29F,29F,29F,29F,29F,29F
1.4098E+12,34,34,34,34,34,34
1.4098E+12,06B,,,,06B,06B
1.4098E+12,06B,06B,06B,06B,06B,06B
140980001085A,34,34,34,34,34,34
1.4098E+12,34,,,,34,34
1.4098E+12,06B,,,,,
1.4098E+12,06B,,,,06B,06B
1.4098E+12,06B,,,,,
140980001249A,06B,,,,06B,06B
1.4039E+12,06B,,,,06B,06B
1.4039E+12,06B,,,,06B,06B
1.4039E+12,06B,,,,06B,06B
1.4039E+12,70B,,,,70B,70B
1.4039E+12,70B,70B,70B,70B,70B,70B
1.4039E+12,06B,06B,06B,06B,06B,06B
1.4039E+12,06B,06B,06B,06B,06B,06B
1.4039E+12,06B,,,,06B,06B
1.412E+12,24B,21A,21A,21A,21A,21A
1.4039E+12,70B,,,,70B,70B
1.4039E+12,8,8,8,8,8,8
1.4098E+12,7,,,,7,7
1.4039E+12,7,,,,7,7
1.4039E+12,7,7,7,7,7,7
1.4039E+12,70A,,,,70A,70A
1.4039E+12,06A,06A,06A,06A,06A,06A
1.4039E+12,06A,06A,06A,06A,06A,06A
140390001350A,06A,06A,06A,06A,06A,06A
141200001066A,21B,21A,21A,21A,21A,21A
1.4039E+12,70B,,,,70B,70B
140390001521A,8,8,8,8,8,8
1.4098E+12,7,7,7,7,7,7
1.4098E+12,7,,,,7,7
1.4039E+12,7,,,,7,7
140390001400A,7,7,7,7,7,7
1.4039E+12,7,,,,7,7
1.4039E+12,70B,,,,70B,70B
1.4039E+12,06A,,,,06A,06A
1.4039E+12,06A,06A,06A,06A,06A,06A
1.4039E+12,06A,06A,06A,06A,06A,06A
1.4039E+12,06A,,,,06A,06A
1.4039E+12,06A,,,,06A,06A
1.4039E+12,06A,06A,06A,06A,06A,06A
1.4039E+12,21B,21B,21B,21B,21B,21B
1.4039E+12,21B,21B,21B,21B,21B,21B
1.4039E+12,21B,21B,21B,21B,21B,21B
1.4039E+12,70B,,,,70B,70B
1.4039E+12,8,,,,7,7
1.4039E+12,7,,,,7,7
1.4039E+12,70B,70B,70B,70B,70B,70B
1.4039E+12,70B,,,,70B,70B
1.4039E+12,06A,06A,06A,06A,06A,06A
1.4039E+12,21B,21B,21B,21B,21B,21B
140390001254A,21B,21B,21B,21B,21B,21B
1.4039E+12,70B,,,,70B,70B
1.4039E+12,70B,,,,70B,70B
1.4039E+12,70B,,,,70B,70B
1.4098E+12,34,,,,34,34
1.4098E+12,43,,,,43,43
1.4098E+12,43,43,43,43,43,43
1.4098E+12,06B,06B,06B,06B,06B,06B
1.4098E+12,06B,,,,06B,06B
1.4098E+12,06B,,,,,
1.4098E+12,43,43,43,43,43,43
1.4098E+12,43,43,43,43,43,43
1.4098E+12,43,43,43,43,43,43
1.4039E+12,43,,,,43,43
1.4098E+12,43,43,43,43,43,43
1.4098E+12,43,,,,43,43
1.4039E+12,06B,06B,06B,06B,06B,06B
1.4098E+12,06B,06B,06B,06B,06B,06B
1.4098E+12,43,,,,43,43
1.4098E+12,43,43,43,43,43,43
1.4039E+12,43,43,43,43,43,43
1.4039E+12,43,,,,43,43
1.4039E+12,43,43,43,43,43,43
1.4039E+12,43,,,,43,43
1.4039E+12,43,,,,43,43
140390001279A,06B,06B,06B,06B,06B,06B
1.4039E+12,21B,21B,21B,21B,21B,21B
1.4039E+12,21B,21B,21B,21B,21B,21B
1.4039E+12,21B,21B,21B,21B,21B,21B
1.4098E+12,57,57,57,57,57,57
140980001306A,57,,,,,
1.4098E+12,57,,,,,
1.4098E+12,57,57,57,57,57,57
1.4098E+12,57,,,,,
1.4098E+12,57,57,57,57,57,57
1.4098E+12,43,43,43,43,43,43
1.4098E+12,57,,,,57,57
1.4098E+12,57,,,,,
1.4098E+12,57,,,,57,57
1.4098E+12,43,43,43,43,43,43
1.4098E+12,57,57,57,57,57,57
1.4098E+12,57,57,57,57,57,57
1.4098E+12,57,57,57,57,57,57
1.4098E+12,57,57,57,57,57,57
1.4098E+12,57,57,57,57,57,57
1.4098E+12,43,43,43,43,43,43
1.4098E+12,43,,,,43,43
1.4098E+12,43,43,43,43,43,43
1.4039E+12,43,,,,43,43
1.4039E+12,43,43,43,43,43,43
1.4039E+12,43,43,43,43,43,43
1.4098E+12,43,43,43,43,43,43
1.4098E+12,43,43,43,43,43,43
1.412E+12,24B,,,,24B,24B
1.412E+12,24B,,,,24B,24B
1.4039E+12,21B,21B,21B,21B,21B,21B
140390001464A,43,43,43,43,43,43
1.4098E+12,21B,,,,24B,24B
1.412E+12,21B,21A,21A,21A,21A,21A
1.412E+12,24B,24B,24B,24B,24B,24B
1.412E+12,24B,24B,24B,24B,24B,24B
1.412E+12,24B,,,,24B,24B
1.4039E+12,43,43,43,43,43,43
1.4039E+12,21B,21B,21B,21B,21B,21B
1.4039E+12,21B,21B,21B,21B,21B,21B
1.4039E+12,21B,,,,21B,21B
1.4098E+12,34,,,,,
1.4098E+12,34,34,34,34,34,34
1.4098E+12,34,,,,,
1.4098E+12,34,,,,,
1.4098E+12,06B,,,,,
1.4098E+12,34,,,,34,34
1.4098E+12,06B,06B,06B,06B,06B,06B
1.4098E+12,06B,,,,06B,06B
1.4098E+12,06B,,,,06B,06B
1.4098E+12,06B,,,,06B,06B
1.4098E+12,06B,06B,06B,06B,06B,06B
1.4098E+12,43,,,,43,43
1.4098E+12,06B,,,,06B,06B
1.4098E+12,34,,,,,
1.4098E+12,34,,,,,
1.4098E+12,34,34,34,34,34,34
1.4098E+12,34,34,34,34,34,34
1.4098E+12,34,,,,,
1.4098E+12,34,,,,,
140980001313A,34,,,,,
1.4098E+12,34,,,,,
1.4098E+12,34,,,,,
1.4098E+12,34,,,,,
1.4098E+12,34,,,,,
1.4098E+12,06B,,,,,
1.4098E+12,06B,,,,,
1.4098E+12,06B,,,,,
1.4098E+12,06B,,,,,
1.4098E+12,34,,,,,
1.4039E+12,06B,,,,06B,06B
1.4039E+12,06B,,,,,
1.4039E+12,06B,06B,06B,06B,06B,06B
1.4039E+12,06B,,,,06B,06B
1.4039E+12,06B,06B,06B,06B,06B,06B
1.4039E+12,06B,06B,06B,06B,06B,06B
1.4039E+12,06B,06B,06B,06B,06B,06B
1.4039E+12,06B,06B,06B,06B,06B,06B
1.4039E+12,06A,06A,06A,06A,06A,06A
1.4039E+12,06B,,,,06B,06B
140390001539A,06B,,,,06B,06B
1.4039E+12,06B,,,,06B,06B
1.4039E+12,06B,,,,06B,06B
1.4039E+12,43,,,,06B,06B
1.4039E+12,43,43,43,43,43,43
1.4039E+12,43,43,43,43,43,43
140390001553A,43,43,43,43,43,43
1.4039E+12,06B,06B,06B,06B,06B,06B
1.4039E+12,06B,,,,06B,06B
1.4039E+12,06B,06B,06B,06B,06B,06B
1.4039E+12,06B,,,,06B,06B
1.4039E+12,06B,06B,06B,06B,06B,06B
140390001546A,06B,06B,06B,06B,06B,06B
1.4039E+12,06B,,,,06B,06B
1.4039E+12,06B,,,,06B,06B
1.4039E+12,06B,,,,06B,06B
1.412E+12,21A,,,,21A,21A
1.412E+12,21A,21A,21A,21A,21A,21A
1.4039E+12,69A,69A,69A,69A,69A,69A
1.4039E+12,69A,,,,69A,69A
1.4039E+12,69A,69A,69A,69A,69A,69A
1.4039E+12,69A,69A,69A,69A,69A,69A
1.4039E+12,69A,69A,69A,69A,69A,69A
1.4039E+12,69A,69A,69A,69A,69A,69A
1.4039E+12,69A,69A,69A,69A,69A,69A
1.4039E+12,69A,69A,69A,69A,69A,69A
1.4039E+12,69A,69A,69A,69A,69A,69A
1.4039E+12,21B,21B,21B,21B,21B,21B
1.4039E+12,69A,69A,69A,69A,69A,69A
1.4039E+12,69A,69A,69A,69A,69A,69A
1.4039E+12,21B,,,,21B,21B
1.4039E+12,21B,,,,21B,21B
1.4039E+12,69A,,,,69A,69A
1.4039E+12,70B,,,,70B,70B
1.4039E+12,21B,,,,21B,21B
1.4039E+12,21B,,,,21B,21B
1.4039E+12,70B,70B,70B,70B,70B,70B
140390001133A,70B,,,,70B,70B
1.4039E+12,21B,21B,21B,21B,21B,21B
1.412E+12,21A,,,,21A,21A
1.412E+12,21A,21A,21A,21A,21A,21A
1.412E+12,21A,21A,21A,21A,21A,21A
1.4039E+12,21B,21B,21B,21B,21B,21B
1.4039E+12,69A,,,,69A,69A
1.4039E+12,21A,21B,21B,21B,21B,21B
1.4039E+12,21B,,,,21B,21B
1.412E+12,21A,,,,21A,21A
1.412E+12,21A,21A,21A,21A,21A,21A
1.4039E+12,21A,21B,21B,21B,21B,21B
1.4039E+12,21B,,,,21B,21B
1.4039E+12,21B,21B,21B,21B,21B,21B
1.412E+12,69B,69B,69B,69B,69B,69B
1.4039E+12,69A,69A,69A,69A,69A,69A
1.4039E+12,69A,69A,69A,69A,69A,69A
1.4039E+12,69A,69A,69A,69A,69A,69A
1.4039E+12,69A,69A,69A,69A,69A,69A
1.412E+12,69A,69A,69A,69A,69A,69A
1.4039E+12,69A,69A,69A,69A,69A,69A
1.4039E+12,69A,69A,69A,69A,69A,69A
140390001215A,70B,,,,70B,70B
1.4039E+12,21B,21B,21B,21B,21B,21B
1.4039E+12,06A,06A,06A,06A,06A,06A
1.4039E+12,21B,,,,21B,21B
1.4039E+12,70B,,,,70B,70B
1.4039E+12,70B,,,,70B,70B
1.4039E+12,21B,,,,21B,21B
1.4039E+12,21B,21B,21B,21B,21B,21B
1.4039E+12,21B,,,,21B,21B
1.4039E+12,21B,21B,21B,21B,21B,21B
1.4039E+12,21B,21B,21B,21B,21B,21B
1.4039E+12,70B,,,,70B,70B
1.4039E+12,70B,,,,70B,70B
1.4039E+12,21B,,,,21B,21B
1.4039E+12,21B,,,,21B,21B
1.4039E+12,21B,,,,21B,21B
1.4039E+12,21B,21B,21B,21B,21B,21B
140390001457A,21B,,,,21B,21B
1.4039E+12,21B,,,,21B,21B
1.4039E+12,21B,,,,21B,21B
1.4039E+12,21B,21B,21B,21B,21B,21B
1.4039E+12,21B,21B,21B,21B,21B,21B
1.4039E+12,69A,,,,69A,69A
1.4039E+12,69A,,,,69A,69A
1.4039E+12,70B,,,,70B,70B
140390001158A,70B,,,,70B,70B
1.4039E+12,06A,06A,06A,06A,06A,06A
1.4039E+12,06A,06A,06A,06A,06A,06A
1.4039E+12,06A,,,,06A,06A
1.4039E+12,06A,06A,06A,06A,06A,06A
1.4039E+12,70B,,,,70B,70B
1.4039E+12,70B,,,,70B,70B
1.4039E+12,70B,,,,70B,70B
1.4039E+12,70B,,,,70B,70B
1.4039E+12,70B,70B,70B,70B,70B,70B
1.4039E+12,70B,,,,70B,70B
1.4039E+12,70B,,,,70B,70B
1.4039E+12,70B,,,,70B,70B
1.4039E+12,70B,70B,70B,70B,70B,70B
1.4039E+12,70B,,,,70B,70B
1.4039E+12,70B,70B,70B,70B,70B,70B
1.4039E+12,70B,70B,70B,70B,70B,70B
1.4039E+12,69A,,,,69A,69A
1.4039E+12,70B,,,,70B,70B
1.4039E+12,70B,,,,70B,70B
1.4039E+12,70B,,,,70B,70B
1.4039E+12,70B,70B,70B,70B,70B,70B
1.4039E+12,70B,,,,70B,70B
1.4039E+12,69A,,,,69A,69A
1.4039E+12,69A,69A,69A,69A,69A,69A
1.4039E+12,70B,70B,70B,70B,70B,70B
1.4039E+12,69A,,,,69A,69A
1.4039E+12,70B,,,,70B,70B
1.4039E+12,69A,,,,69A,69A
1.4039E+12,70B,,,,,
1.4039E+12,70B,70B,70B,70B,70B,70B
1.4039E+12,70B,,,,70B,70B
1.4039E+12,70B,70B,70B,70B,70B,70B
1.4039E+12,70B,,,,70B,70B
1.4039E+12,70B,,,,70B,70B
1.4039E+12,70B,70B,70B,70B,70B,70B
1.4039E+12,70B,,,,70B,70B
1.4039E+12,70B,70B,70B,70B,70B,70B
1.4039E+12,70B,,,,70B,70B
1.4098E+12,18,18,18,18,18,18
1.4098E+12,32,32,32,32,32,32
1.4098E+12,18,18,18,18,18,18
1.4098E+12,18,18,18,18,18,18
140980001224A,18,,,,18,18
1.4098E+12,06B,,,,06B,06B
1.4098E+12,18,18,18,18,18,18
1.4098E+12,18,,,,18,18
1.4098E+12,18,18,18,18,18,18
1.4098E+12,06B,,,,06B,06B
1.4098E+12,06B,,,,06B,06B
1.4098E+12,18,,,,18,18
1.4098E+12,18,,,,18,18
1.4098E+12,06B,06B,06B,06B,06B,06B
1.4098E+12,06B,,,,06B,06B
1.4098E+12,06B,06B,06B,06B,06B,06B
1.4098E+12,7,7,7,7,7,7
1.4098E+12,18,18,18,18,18,18
1.4098E+12,7,7,7,7,7,7
140390001368A,06A,06A,06A,06A,06A,06A
1.4039E+12,06B,06B,06B,06B,06B,06B
1.4039E+12,06B,,,,06B,06B
1.4098E+12,7,7,7,7,7,7
1.4098E+12,7,,,,7,7
140980001135A,06B,06B,06B,06B,06B,06B
1.4098E+12,06B,06B,06B,06B,06B,06B
1.4098E+12,06B,06B,06B,06B,06B,06B
1.4098E+12,06B,06B,06B,06B,06B,06B
1.4098E+12,06B,06B,06B,06B,06B,06B
1.4098E+12,32,32,32,32,32,32
1.4098E+12,06B,,,,06B,06B
1.4098E+12,06B,,,,06B,06B
1.4098E+12,34,34,34,34,34,34
1.4098E+12,06B,06B,06B,06B,06B,06B
1.4098E+12,06B,,,,06B,06B
1.4098E+12,06B,06B,06B,06B,06B,06B
140980001053A,06A,06A,06A,06A,06A,06A
1.4039E+12,06A,06A,06A,06A,06A,06A
1.4039E+12,06A,06A,06A,06A,06A,06A
1.4039E+12,06A,06A,06A,06A,06A,06A
1.4039E+12,06A,06A,06A,06A,06A,06A
1.4039E+12,06B,,,,06B,06B
1.4039E+12,06A,06A,06A,06A,06A,06A
140390001471A,7,,,,7,7
1.4039E+12,7,7,7,7,7,7
1.4039E+12,7,,,,7,7
1.4098E+12,18,,,,18,18
1.4098E+12,18,,,,18,18
1.4098E+12,32,32,32,32,32,32
1.4098E+12,32,32,32,32,32,32
1.4098E+12,32,32,32,32,32,32
1.4098E+12,18,,,,18,18
140980001181A,32,32,32,32,32,32
1.4098E+12,32,32,32,32,32,32
1.4098E+12,18,18,18,18,18,18
1.4098E+12,18,18,18,18,18,18
140980001263A,18,,,,18,18
1.4098E+12,32,,,,,
1.4098E+12,18,,,,18,18
1.4098E+12,18,,,,18,18
1.4098E+12,18,,,,,
1.4098E+12,18,18,18,18,18,18
1.4098E+12,7,,,,7,7
1.4098E+12,18,18,18,18,18,18
1.4098E+12,18,,,,18,18
140980001103A,18,,,,18,18
1.4098E+12,7,7,7,7,7,7
1.4098E+12,7,7,7,7,7,7
140980001217A,7,,,,7,7
1.4098E+12,7,,,,7,7
1.4098E+12,7,,,,7,7
140980001110A,18,18,18,18,18,18
1.4098E+12,18,18,18,18,18,18
1.4098E+12,18,,,,18,18
1.4098E+12,7,,,,7,7
140980001007A,7,7,7,7,7,7
1.4098E+12,7,7,7,7,7,7
1.4098E+12,18,,,,18,18
1.4098E+12,18,,,,18,18
1.4098E+12,7,7,7,7,7,7
1.4098E+12,7,,,,7,7
1.4098E+12,7,7,7,7,7,7
1.4098E+12,7,,,,7,7
1.4098E+12,7,,,,,
1.4039E+12,70A,70A,70A,70A,70A,70A
1.4039E+12,5,5,5,5,5,5
1.4039E+12,5,5,5,5,5,5
1.4039E+12,9,,,,9,9
1.4039E+12,70A,,,,70A,70A
1.4039E+12,9,9,9,9,9,9
1.4039E+12,9,,,,9,9
1.4039E+12,9,9,9,9,9,9
1.4039E+12,9,9,9,9,9,9
140390001140A,70A,70A,70A,70A,70A,70A
1.4039E+12,9,9,9,9,9,9
1.4039E+12,9,,,,9,9
1.4039E+12,9,,,,9,9
1.4039E+12,9,9,9,9,9,9
1.4039E+12,9,,,,9,9
1.4039E+12,70A,70A,70A,70A,70A,70A
1.4039E+12,70A,70A,70A,70A,70A,70A
1.4039E+12,70A,70A,70A,70A,70A,70A
1.4039E+12,70A,70A,70A,70A,70A,70A
1.4039E+12,9,9,9,9,9,9
1.4039E+12,7,,,,7,7
1.4039E+12,7,,,,7,7
1.4039E+12,70B,,,,70B,70B
1.4039E+12,70A,,,,70A,70A
1.4039E+12,7,,,,7,7
1.4039E+12,7,,,,7,7
1.4039E+12,7,,,,7,7
1.4039E+12,7,7,7,7,7,7
140390001261A,7,,,,7,7
1.4039E+12,70A,,,,70A,70A
1.4039E+12,70A,70A,70A,70A,70A,70A
1.4039E+12,70A,,,,70A,70A
1.4039E+12,70A,70A,70A,70A,70A,70A
1.4039E+12,70A,,,,70A,70A
1.4039E+12,70A,70A,70A,70A,70A,70A
1.4039E+12,70A,70A,70A,70A,70A,70A
1.4039E+12,70A,70A,70A,70A,70A,70A
1.4039E+12,70A,,,,70A,70A
1.4039E+12,70A,,,,70A,70A
140390001197A,70A,,,,70A,70A
1.4039E+12,70A,,,,70A,70A
1.4039E+12,70A,70A,70A,70A,70A,70A
1.4039E+12,70A,70A,70A,70A,70A,70A
1.4039E+12,70B,,,,70B,70B
1.4039E+12,70A,,,,70A,70A
1.4039E+12,70A,,,,70A,70A
1.4039E+12,7,7,7,7,7,7
1.4039E+12,70A,70A,70A,70A,70A,70A
1.4039E+12,70A,,,,70A,70A
140390001165A,70A,70A,70A,70A,70A,70A
1.4039E+12,70A,,,,70A,70A
1.4039E+12,70A,70A,70A,70A,70A,70A
1.4039E+12,70A,70A,70A,70A,70A,70A
1.4039E+12,70B,70B,70B,70B,70B,70B
1.4039E+12,70B,,,,70B,70B
1.4039E+12,70B,70B,70B,70B,70B,70B
1.4039E+12,70A,,,,70A,70A
140390001489A,70A,70A,70A,70A,70A,70A
140390001069A,70B,70B,70B,70B,70B,70B
1.4039E+12,70B,70B,70B,70B,70B,70B
1.4039E+12,70B,70B,70B,70B,70B,70B
1.4039E+12,70A,70A,70A,70A,70A,70A
1.4039E+12,70B,,,,70B,70B
1.4039E+12,70A,70A,70A,70A,70A,70A
1.4039E+12,70B,70B,70B,70B,70B,70B
1.4039E+12,70A,70A,70A,70A,70A,70A
1.4039E+12,70B,70B,70B,70B,70B,70B
1.4039E+12,70B,,,,70B,70B
140390001101A,70B,,,,70B,70B
1.4039E+12,70B,,,,70B,70B
1.4039E+12,70B,70B,70B,70B,70B,70B
140390001037A,70B,,,,,
1.4039E+12,70B,,,,70B,70B
1.4039E+12,70B,,,,70B,70B
1.4039E+12,70A,70A,70A,70A,70A,70A
1.4039E+12,70A,70A,70A,70A,70A,70A
140390001382A,70A,,,,5,5
1.4039E+12,70B,,,,70B,70B
1.4039E+12,70B,,,,70B,70B
1.4039E+12,70A,70A,70A,70A,70A,70A
1.4039E+12,9,,,,9,9
1.4039E+12,9,,,,9,9
1.4039E+12,7,,,,7,7
1.4039E+12,7,7,7,7,7,7
1.4039E+12,7,,,,7,7
1.4039E+12,9,7,7,7,7,7
1.4039E+12,7,7,7,7,7,7
1.4039E+12,8,,,,8,8
1.4039E+12,7,7,7,7,7,7
1.4039E+12,8,8,8,8,8,8
1.4039E+12,7,7,7,7,7,7
1.4039E+12,7,7,7,7,7,7
1.4039E+12,7,7,7,7,7,7
1.4039E+12,7,,,,7,7
1.4039E+12,7,,,,7,7
1.4039E+12,9,,,,9,9
1.4039E+12,9,,,,7,7
1.4039E+12,8,,,,8,8
1.4039E+12,8,8,8,8,8,8
1.4039E+12,8,8,8,8,8,8
1.4039E+12,8,,,,8,8
1.4039E+12,8,,,,8,8
1.4039E+12,9,9,9,9,9,9
1.4039E+12,9,,,,9,9
1.4039E+12,9,,,,,
140390001172A,9,,,,9,9
1.4039E+12,9,8,8,8,8,8
1.4039E+12,5,5,5,5,5,5
1.4039E+12,5,,,,5,5
140390001051A,9,,,,9,9
1.4039E+12,9,9,9,9,9,9
1.4039E+12,9,,,,9,9
1.4039E+12,5,,,,5,5
1.4039E+12,9,9,9,9,9,9
1.4039E+12,5,5,5,5,5,5
1.4039E+12,9,,,,9,9
140390001083A,9,9,9,9,9,9
1.4039E+12,9,,,,9,9
1.4039E+12,9,9,9,9,9,9
1.4039E+12,9,,,,9,9
140390001119A,70A,70A,70A,70A,70A,70A
140390001044A,5,,,,5,5
1.4039E+12,5,5,5,5,5,5
1.4039E+12,9,9,9,9,9,9
140390001090A,9,9,9,9,9,9
1.4039E+12,9,,,,9,9
1.4039E+12,5,5,5,5,5,5
1.4039E+12,5,,,,5,5
1.4039E+12,5,5,5,5,5,5
1.4039E+12,9,9,9,9,9,9
1.4039E+12,9,,,,9,9
1.412E+12,26,,,,26,26
1.412E+12,26,,,,26,26
1.412E+12,44,44,44,44,44,44
1.412E+12,68B,68B,68B,68B,68B,68B
1.412E+12,68B,68B,68B,68B,68B,68B
1.412E+12,68B,,,,68B,68B
1.412E+12,68B,68B,68B,68B,68B,68B
1.412E+12,68B,68B,68B,68B,68B,68B
1.412E+12,68B,68B,68B,68B,68B,68B
141200056,46F,,,,,
141200129,46F,,,,,
141200018,63F,,,,,
1.412E+12,61,61,61,61,61,61
1.412E+12,61,,,,,
1.412E+12,61,,,,,
1.412E+12,61,61,61,61,61,61
1.412E+12,61,,,,,
1.412E+12,61,,,,61,61
1.412E+12,61,,,,61,61
1.412E+12,61,,,,61,61
141200537,61,,,,,
1.412E+12,61,,,,61,61
1.412E+12,61,61,61,61,61,61
1.412E+12,61,,,,61,61
1.412E+12,26,26,26,26,26,26
1.412E+12,61,26,26,26,26,26
1.412E+12,26,26,26,26,26,26
141200751,65B,,,,,
1.412E+12,61,61,61,61,61,61
1.412E+12,61,,,,61,61
1.412E+12,61,,,,,
1.41201E+12,14F,14F,14F,14F,14F,14F
141200460,NA,,,,,
141200006,NA,,,,,
141200313,NA,,,,,
141200315,NA,,,,,
1.412E+12,14F,14F,14F,14F,14F,14F
1.412E+12,14F,14F,14F,14F,14F,14F
141200263,15,,,,,
1.412E+12,15,15,15,15,15,15
1.412E+12,15,,,,15,15
1.412E+12,15,,,,,
1.412E+12,15,15,15,15,15,15
1.412E+12,61,61,61,61,61,61
141200528,15,,,,,
1.412E+12,15,15,15,15,15,15
1.412E+12,61,15,15,15,15,15
1.412E+12,15,,,,,
1.412E+12,15,15,15,15,15,15
1.412E+12,15,,,,,
1.412E+12,15,,,,,
141200231415A,15,15,15,15,15,15
1.412E+12,61,61,61,61,61,61
1.412E+12,15,,,,,
1.412E+12,15,,,,,
1.412E+12,61,,,,,
141200369,NA,,,,,
1.412E+12,61,,,,,
1.412E+12,61,,,,61,61
1.412E+12,15,,,,,
141200280,NA,,,,,
1.412E+12,61,,,,61,61
1.412E+12,61,61,61,61,61,61
1.412E+12,61,,,,,
1.412E+12,61,,,,,
1.412E+12,61,,,,,
1.412E+12,61,,,,,
1.412E+12,61,,,,,
1.412E+12,61,,,,,
141200134,65B,,,,,
1.412E+12,65B,,,,65B,65B
1.412E+12,61,61,61,61,61,61
1.412E+12,65B,,,,65B,65B
1.412E+12,65B,,,,65B,65B
1.412E+12,65B,,,,65B,65B
141200001689A,61,61,61,61,61,61
1.412E+12,61,61,61,61,61,61
1.412E+12,65B,,,,65B,65B
1.412E+12,65B,65B,65B,65B,65B,65B
1.412E+12,65B,,,,,
1.412E+12,65B,,,,65B,65B
1.412E+12,65B,65B,65B,65B,65B,65B
141200001326A,65B,65B,65B,65B,65B,65B
1.412E+12,68B,65B,65B,65B,65B,65B
1.412E+12,68B,,,,68B,68B
1.412E+12,68B,68B,68B,68B,68B,68B
1.412E+12,65B,,,,65B,65B
141200001714A,65B,,,,,
1.412E+12,65B,,,,65B,65B
1.412E+12,65B,,,,65B,65B
1.412E+12,65B,,,,65B,65B
1.412E+12,65B,,,,65B,65B
141200319,65A,,,,,
1.412E+12,65B,,,,65B,65B
1.412E+12,65B,,,,65B,65B
1.412E+12,65B,,,,65B,65B
141200001529A,65B,,,,,
1.412E+12,65B,,,,,
1.412E+12,65B,,,,65B,65B
141200300,61,,,,,
1.412E+12,61,61,61,61,61,61
1.412E+12,65B,65B,65B,65B,65B,65B
1.412E+12,65B,65B,65B,65B,65B,65B
1.412E+12,65B,65B,65B,65B,65B,65B
1.412E+12,65B,,,,,
1.412E+12,65B,,,,65B,65B
1.412E+12,69B,,,,69B,69B
1.412E+12,68B,68B,68B,68B,68B,68B
1.412E+12,65B,,,,65B,65B
1.412E+12,26,26,26,26,26,26
1.412E+12,26,26,26,26,26,26
1.412E+12,65B,65B,65B,65B,65B,65B
1.412E+12,26,26,26,26,26,26
1.412E+12,65B,,,,65B,65B
1.412E+12,65B,,,,65B,65B
1.412E+12,65B,,,,65B,65B
1.412E+12,65B,,,,65B,65B
1.412E+12,65B,65B,65B,65B,65B,65B
1.412E+12,65B,,,,65B,65B
141200001575A,65B,,,,65B,65B
1.412E+12,65B,65B,65B,65B,65B,65B
1.412E+12,61,61,61,61,61,61
141200001671A,61,,,,61,61
1.412E+12,26,26,26,26,26,26
1.412E+12,26,,,,,
1.412E+12,26,26,26,26,26,26
1.412E+12,26,26,26,26,26,26
1.412E+12,26,26,26,26,26,26
1.412E+12,61,,,,61,61
1.412E+12,61,,,,61,61
1.412E+12,46F,,,,61,61
1.41201E+12,61,61,61,61,61,61
1.412E+12,61,,,,61,61
1.412E+12,61,,,,61,61
141200356,46F,,,,,
141200748,61,,,,,
141200231205A,61,61,61,61,61,61
1.412E+12,61,61,61,61,61,61
1.412E+12,61,,,,,
1.412E+12,61,61,61,61,61,61
1.412E+12,61,,,,61,61
141200761,61,,,,,
1.412E+12,61,,,,,
1.412E+12,61,,,,61,61
1.412E+12,61,61,61,61,61,61
141200231625A,61,,,,61,61
141200231696A,61,61,61,61,61,61
1.412E+12,61,,,,,
1.412E+12,61,61,61,61,61,61
1.412E+12,61,61,61,61,61,61
141200738,61,,,,,
141200471,61,,,,,
1.412E+12,61,61,61,61,61,61
1.41201E+12,61,61,61,61,61,61
141200544,61,,,,,
141200771,61,,,,,
1.41201E+12,61,,,,61,61
1.412E+12,61,61,61,61,61,61
1.412E+12,61,,,,61,61
1.41201E+12,61,61,61,61,61,61
1.41201E+12,61,61,61,61,61,61
1.412E+12,61,,,,61,61
1.412E+12,26,26,26,26,26,26
141200183,63F,,,,,
1.412E+12,61,,,,61,61
141200057,63F,,,,,
1.412E+12,61,,,,61,61
141200001739A,26,26,26,26,26,26
141200218,63F,,,,,
1.412E+12,46F,46F,46F,46F,46F,46F
1.412E+12,46F,46F,46F,46F,46F,46F
1.412E+12,46F,46F,46F,46F,46F,46F
1.41201E+12,46F,46F,46F,46F,46F,46F
141200755,46F,,,,,
1.41201E+12,46F,46F,46F,46F,46F,46F
141200764,46F,,,,,
1.41201E+12,46F,46F,46F,46F,46F,46F
1.41201E+12,46F,46F,46F,46F,46F,46F
1.41201E+12,46F,46F,46F,46F,46F,46F
1.41201E+12,46F,46F,46F,46F,46F,46F
141200758080A,46F,46F,46F,46F,46F,46F
1.41201E+12,46F,46F,46F,46F,46F,46F
1.41201E+12,46F,,,,46F,46F
1.41201E+12,46F,46F,46F,46F,46F,46F
1.41201E+12,46F,46F,46F,46F,46F,46F
1.41201E+12,46F,46F,46F,46F,46F,46F
1.41201E+12,46F,46F,46F,46F,46F,46F
1.41201E+12,46F,46F,46F,46F,46F,46F
1.412E+12,63F,,,,44,44
1.412E+12,44,,,,,
1.412E+12,44,,,,,
1.412E+12,44,44,44,44,44,44
1.412E+12,16,16,16,16,16,16
141200001664A,NA,,,,16,16
141200210,NA,,,,,
1.412E+12,16,,,,,
1.412E+12,16,,,,16,16
1.412E+12,16,16,16,16,16,16
1.412E+12,16,,,,,
1.412E+12,1,1,1,1,1,1
1.412E+12,16,16,16,16,16,16
1.412E+12,16,16,16,16,16,16
1.412E+12,16,16,16,16,16,16
1.412E+12,16,16,16,16,16,16
1.412E+12,16,16,16,16,16,16
141200001283A,16,,,,16,16
1.412E+12,16,,,,16,16
1.412E+12,16,16,16,16,16,16
1.412E+12,16,16,16,16,16,16
1.412E+12,16,16,16,16,16,16
1.412E+12,68A,68A,68A,68A,68A,68A
1.412E+12,68A,68A,68A,68A,68A,68A
1.412E+12,16,16,16,16,16,16
1.412E+12,16,16,16,16,16,16
1.412E+12,68A,68A,68A,68A,68A,68A
1.412E+12,68A,,,,68A,68A
1.412E+12,68A,68A,68A,68A,68A,68A
1.412E+12,68A,68A,68A,68A,68A,68A
1.412E+12,68A,68A,68A,68A,68A,68A
1.4039E+12,70B,70B,70B,70B,70B,70B
1.412E+12,44,44,44,44,44,44
141200001098A,68B,,,,68B,68B
1.412E+12,68B,,,,68B,68B
1.412E+12,68B,,,,68B,68B
141200001187A,68B,68B,68B,68B,68B,68B
141200001319A,68B,68B,68B,68B,68B,68B
1.412E+12,68B,,,,68B,68B
1.412E+12,68B,,,,68B,68B
1.412E+12,68A,68A,68A,68A,68A,68A
1.412E+12,68B,,,,68B,68B
1.412E+12,68B,68B,68B,68B,68B,68B
1.412E+12,68B,,,,68B,68B
1.412E+12,68B,68B,68B,68B,68B,68B
1.412E+12,68A,,,,68A,68A
1.412E+12,68A,68A,68A,68A,68A,68A
1.412E+12,16,16,16,16,16,16
141200001027A,68B,68B,68B,68B,68B,68B
1.412E+12,68B,,,,,
1.412E+12,68A,68A,68A,68A,68A,68A
1.412E+12,68B,,,,68B,68B
1.412E+12,68B,68B,68B,68B,68B,68B
1.412E+12,68B,,,,68B,68B
1.412E+12,68B,,,,68B,68B
1.412E+12,68B,,,,68B,68B
1.412E+12,68B,68B,68B,68B,68B,68B
1.412E+12,68B,68B,68B,68B,68B,68B
1.412E+12,68B,,,,68B,68B
1.412E+12,68B,68B,68B,68B,68B,68B
1.412E+12,68B,,,,68B,68B
1.412E+12,68B,68B,68B,68B,68B,68B
141200001269A,68B,,,,,
1.412E+12,68B,,,,68B,68B
1.412E+12,68B,68B,68B,68B,68B,68B
1.412E+12,68B,68B,68B,68B,68B,68B
1.412E+12,68B,,,,68B,68B
1.412E+12,68B,68B,68B,68B,68B,68B
1.412E+12,68B,68B,68B,68B,68B,68B
1.412E+12,68B,68B,68B,68B,68B,68B
1.412E+12,68B,68B,68B,68B,68B,68B
1.412E+12,44,44,44,44,44,44
1.412E+12,44,44,44,44,44,44
1.412E+12,44,,,,,
1.412E+12,44,44,44,44,44,44
1.412E+12,44,,,,44,44
1.412E+12,44,44,44,44,44,44
141200001408A,44,,,,44,44
1.412E+12,44,44,44,44,44,44
1.412E+12,44,,,,,
1.412E+12,44,,,,44,44
1.412E+12,44,44,44,44,44,44
1.412E+12,68B,68B,68B,68B,68B,68B
1.412E+12,44,44,44,44,44,44
1.412E+12,44,44,44,44,44,44
1.412E+12,44,44,44,44,44,44
1.412E+12,68B,,,,68B,68B
1.412E+12,44,,,,,
1.412E+12,68B,68B,68B,68B,68B,68B
1.412E+12,44,44,44,44,44,44
1.412E+12,44,44,44,44,44,44
1.412E+12,44,,,,,
1.412E+12,44,,,,,
1.412E+12,44,44,44,44,44,44
1.412E+12,44,44,44,44,44,44
1.412E+12,44,,,,,
1.412E+12,44,,,,44,44
1.412E+12,44,,,,44,44
1.412E+12,44,44,44,44,44,44
1.412E+12,44,,,,,
1.412E+12,68B,68B,68B,68B,68B,68B
1.412E+12,68A,68A,68A,68A,68A,68A
141200001422A,68A,68A,68A,68A,68A,68A
1.412E+12,68A,68A,68A,68A,68A,68A
1.412E+12,68A,68A,68A,68A,68A,68A
1.412E+12,68A,68A,68A,68A,68A,68A
141200001244A,68A,68A,68A,68A,68A,68A
1.412E+12,68A,,,,68A,68A
1.4039E+12,69A,69A,69A,69A,69A,69A
1.412E+12,68A,68A,68A,68A,68A,68A
1.412E+12,68A,68A,68A,68A,68A,68A
1.412E+12,68A,68A,68A,68A,68A,68A
1.412E+12,68A,68A,68A,68A,68A,68A
1.412E+12,68A,68A,68A,68A,68A,68A
1.412E+12,68A,68A,68A,68A,68A,68A
1.412E+12,44,44,44,44,44,44
1.412E+12,44,44,44,44,44,44
141200001365A,16,16,16,16,16,16
1.412E+12,16,,,,16,16
1.412E+12,16,16,16,16,16,16
1.412E+12,16,16,16,16,16,16
1.412E+12,16,,,,16,16
1.412E+12,16,,,,16,16
1.412E+12,16,44,44,44,44,44
1.412E+12,16,16,16,16,16,16
1.412E+12,16,,,,16,16
1.412E+12,16,,,,,
1.412E+12,16,,,,,
141200001536A,44,44,44,44,44,44
1.412E+12,44,,,,44,44
1.412E+12,44,,,,44,44
1.412E+12,44,44,44,44,44,44
1.412E+12,NA,,,,,
1.412E+12,16,,,,,
1.412E+12,16,16,16,16,16,16
1.412E+12,16,16,16,16,16,16
1.412E+12,16,16,16,16,16,16
1.412E+12,16,16,16,16,16,16
1.412E+12,16,16,16,16,16,16
1.412E+12,16,,,,16,16
1.412E+12,16,,,,,
1.412E+12,16,,,,16,16
1.412E+12,16,,,,16,16
1.412E+12,63F,,,,,
141200206504A,63F,63F,63F,63F,63F,63F
1.412E+12,63F,63F,63F,63F,63F,63F
1.412E+12,63F,,,,,
1.412E+12,1,1,1,1,1,1
1.412E+12,1,1,1,1,1,1
1.4039E+12,5,5,5,5,5,5
1.4039E+12,5,,,,5,5
1.4039E+12,5,,,,5,5
1.412E+12,1,1,1,1,1,1
1.4039E+12,5,5,5,5,5,5
140390001560A,5,,,,5,5
1.4039E+12,5,,,,5,5
1.412E+12,1,1,1,1,1,1
1.4039E+12,5,,,,5,5
1.4039E+12,5,,,,5,5
1.4039E+12,5,,,,5,5
1.4039E+12,5,,,,,
1.412E+12,68A,68A,68A,68A,68A,68A
1.4039E+12,5,5,5,5,5,5
1.4039E+12,5,,,,5,5
1.412E+12,1,1,1,1,1,1
1.412E+12,68A,,,,68A,68A
1.412E+12,68A,68A,68A,68A,68A,68A
1.4039E+12,5,,,,5,5
1.4039E+12,5,,,,5,5
1.412E+12,68A,68A,68A,68A,68A,68A
1.4039E+12,5,5,5,5,5,5
1.4039E+12,5,5,5,5,5,5
1.412E+12,68A,,,,68A,68A
1.4039E+12,5,,,,5,5
1.4039E+12,5,5,5,5,5,5
1.4039E+12,5,,,,,
1.4039E+12,70B,,,,,
1.4039E+12,5,,,,5,5
1.412E+12,68A,68A,68A,68A,68A,68A
1.412E+12,68A,68A,68A,68A,68A,68A
1.412E+12,68A,,,,68A,68A
1.4039E+12,5,5,5,5,5,5
1.4039E+12,5,5,5,5,5,5
1.4039E+12,5,5,5,5,5,5
1.4039E+12,5,,,,,
140390001496A,5,5,5,5,5,5
1.4039E+12,5,5,5,5,5,5
1.4039E+12,5,5,5,5,5,5
1.4039E+12,5,5,5,5,5,5
1.412E+12,1,1,1,1,1,1
1.412E+12,1,1,1,1,1,1
1.412E+12,1,1,1,1,1,1
1.412E+12,1,1,1,1,1,1
1.412E+12,1,1,1,1,1,1
1.412E+12,1,1,1,1,1,1
1.412E+12,1,1,1,1,1,1
1.412E+12,1,1,1,1,1,1
1.412E+12,1,1,1,1,1,1
141200001372A,1,1,1,1,1,1
1.412E+12,16,16,16,16,16,16
1.412E+12,1,,,,,
1.412E+12,16,16,16,16,16,16
141200001212A,1,1,1,1,1,1
1.412E+12,1,,,,,
1.412E+12,1,1,1,1,1,1
141200001721A,1,,,,,
141200001486A,1,1,1,1,1,1
1.412E+12,1,1,1,1,1,1
1.4039E+12,5,5,5,5,5,5
1.4039E+12,5,,,,,
1.4039E+12,5,5,5,5,5,5
1.4039E+12,5,,,,5,5
140390001286A,5,5,5,5,5,5
1.4039E+12,5,,,,5,5
1.4039E+12,5,5,5,5,5,5
1.412E+12,16,,,,,
141200001600A,16,,,,,
140440181,NA,,,,,
140440003,4,,,,,
140440004,NA,,,,,
140440012,NA,,,,,
140440033,NA,,,,,
140440006,NA,,,,,
140970805,02F,,,,,
140440171,02F,,,,,
1.4044E+12,02F,54,54,54,54,54
140440010037A,54,54,54,54,54,54
1.4044E+12,54,54,54,54,54,54
1.4044E+12,54,,,,54,54
1.4044E+12,54,,,,54,54
1.4044E+12,54,54,54,54,54,54
1.4044E+12,4,4,4,4,4,4
1.4044E+12,4,,,,,
1.4044E+12,4,,,,,
1.4044E+12,4,,,,,
1.4044E+12,4,4,4,4,4,4
1.4044E+12,4,,,,,
1.4044E+12,4,4,4,4,4,4
1.4044E+12,4,4,4,4,4,4
1.4044E+12,4,4,4,4,4,4
1.4044E+12,4,,,,4,4
1.4044E+12,4,,,,4,4
1.4044E+12,4,,,,,
140440020,4,,,,,
140440070,NA,,,,,
1.4044E+12,54,54,54,54,54,54
1.4044E+12,54,54,54,54,54,54
140440011,NA,54,54,54,54,54
140440035,NA,,,,,
140440130,NA,,,,,
1.4044E+12,54,54,54,54,54,54
140440172,54,,,,,
140440173,54,,,,,
140440180,54,,,,,
1.4044E+12,54,54,54,54,54,54
1.4044E+12,54,54,54,54,54,54
140510009,53,,,,,
1.4044E+12,53,53,53,53,53,53
140440002005A,53,53,53,53,53,53
1.4044E+12,53,53,53,53,53,53
1.4044E+12,53,53,53,53,53,53
140440002012A,53,53,53,53,53,53
1.4044E+12,53,,,,53,53
1.4044E+12,53,,,,53,53
1.4044E+12,53,,,,,
1.4044E+12,53,53,53,53,53,53
1.4044E+12,53,,,,,
1.4044E+12,53,,,,,
140440175,53,,,,,
999990004,NA,,,,Acceso_Zapotlanejo,Acceso_Zapotlanejo
141240051,NA,,,,,
141240246,3,,,,,
141240086,48F,,,,3,3
1.4101E+12,13,13,13,13,13,13
1.4101E+12,13,13,13,13,13,13
1.4101E+12,20,,,,,
1.4101E+12,20,20,20,20,20,20
141010001250A,20,20,20,20,20,20
1.4098E+12,20,20,20,20,20,20
1.4098E+12,20,20,20,20,20,20
1.4098E+12,20,,,,,
140980001338A,20,,,,,
1.4101E+12,20,,,,,
1.4101E+12,NA,,,,42,42
141240205,49F,,,,,
140980133,29F,,,,,
140980131,29F,,,,,
1.4101E+12,45,45,45,45,45,45
1.4101E+12,45,,,,,
1.4101E+12,45,45,45,45,45,45
140510008,NA,,,,,
140510014,NA,,,,,
1.4124E+12,49F,49F,49F,49F,49F,49F
141240235,49F,,,,,
140440169,54,,,,,
1.407E+12,60,60,60,60,60,60
1.407E+12,29F,,,,60,60
1.407E+12,60,60,60,60,60,60
1.4051E+12,60,,,,,
1.4051E+12,60,60,60,60,60,60
1.407E+12,60,,,,,
1.4051E+12,60,,,,60,60
1.407E+12,52,,,,52,52
140700020126A,52,52,52,52,52,52
1.407E+12,52,52,52,52,52,52
1.407E+12,52,,,,52,52
1.407E+12,52,52,52,52,52,52
141010130,20,,,,,
140700011,52,,,,,
1.4097E+12,02F,02F,02F,02F,02F,02F
140970473,02F,,,,,
1.4097E+12,52,52,52,52,52,52
1.4097E+12,52,52,52,52,52,52
1.4097E+12,52,52,52,52,52,52
1.4097E+12,52,52,52,52,52,52
1.4097E+12,02F,,,,02F,02F
1.4097E+12,52,,,,,
1.40971E+12,02F,02F,02F,02F,02F,02F
1.40971E+12,02F,02F,02F,02F,02F,02F
140970777244A,02F,02F,02F,02F,02F,02F
1.40971E+12,02F,02F,02F,02F,02F,02F
140970777237A,02F,,,,,
1.4097E+12,02F,02F,02F,02F,02F,02F
140970110,02F,,,,,
140970009283A,02F,02F,02F,02F,02F,02F
140970875,02F,,,,,
1.4097E+12,02F,,,,02F,02F
1.4097E+12,52,,,,,
1.4097E+12,52,,,,,
1.4097E+12,52,,,,,
140970501,02F,,,,,
140440147,02F,,,,,
1.4097E+12,52,,,,52,52
1.407E+12,52,,,,52,52
1.407E+12,52,52,52,52,52,52
1.40971E+12,02F,02F,02F,02F,02F,02F
1.40971E+12,02F,02F,02F,02F,02F,02F
1.4097E+12,52,,,,52,52
1.407E+12,52,,,,52,52
1.407E+12,52,,,,,
1.407E+12,52,52,52,52,52,52
1.407E+12,52,52,52,52,52,52
1.407E+12,29F,29F,29F,29F,29F,29F
1.407E+12,29F,29F,29F,29F,29F,29F
1.407E+12,29F,29F,29F,29F,29F,29F
1.407E+12,29F,29F,29F,29F,29F,29F
140700043090A,35,35,35,35,35,35
1.407E+12,35,,,,,
1.407E+12,35,,,,,
1.407E+12,29F,,,,,
1.407E+12,29F,29F,29F,29F,29F,29F
1.407E+12,29F,,,,,
1.407E+12,29F,,,,,
1.407E+12,29F,,,,29F,29F
1.407E+12,29F,,,,,
140700021119A,29F,,,,,
1.407E+12,29F,29F,29F,29F,29F,29F
1.407E+12,29F,29F,29F,29F,29F,29F
1.407E+12,29F,,,,,
140700021076A,29F,29F,29F,29F,29F,29F
1.407E+12,35,35,35,35,35,35
1.407E+12,29F,,,,,
1.407E+12,29F,,,,29F,29F
1.407E+12,29F,,,,,
1.4098E+12,20,,,,,
1.407E+12,52,52,52,52,52,52
1.407E+12,52,52,52,52,52,52
1.407E+12,52,52,52,52,52,52
1.407E+12,52,52,52,52,52,52
1.407E+12,52,52,52,52,52,52
140700009,52,,,,,
1.407E+12,52,,,,,
1.407E+12,52,,,,52,52
1.4098E+12,20,20,20,20,20,20
1.407E+12,60,60,60,60,60,60
1.407E+12,60,,,,29F,29F
1.407E+12,60,60,60,60,60,60
1.407E+12,60,,,,60,60
1.407E+12,60,60,60,60,60,60
1.407E+12,60,,,,,
1.407E+12,60,60,60,60,60,60
1.407E+12,60,60,60,60,60,60
140700111133A,60,60,60,60,60,60
1.407E+12,60,,,,60,60
1.407E+12,60,,,,,
140510013,NA,,,,,
140510001004A,10,10,10,10,10,10
1.4051E+12,10,10,10,10,10,10
1.4051E+12,60,60,60,60,60,60
1.4051E+12,60,,,,,
1.407E+12,60,,,,,
140700001037A,60,,,,60,60
140700096,60,,,,,
140700001069A,60,,,,,
1.4051E+12,10,,,,,
140510001011A,60,,,,,
1.407E+12,60,,,,,
1.4051E+12,60,,,,,
1.4051E+12,60,,,,,
1.4051E+12,10,,,,,
1.4101E+12,45,45,45,45,45,45
1.4101E+12,45,45,45,45,45,45
1.407E+12,45,45,45,45,45,45
1.407E+12,60,,,,60,60
140700001012A,60,60,60,60,60,60
1.407E+12,60,60,60,60,60,60
140700134,60,,,,,
1.40709E+12,60,,,,,
140700116,45,,,,,
1.407E+12,29F,,,,,
140700133,60,,,,,
1.407E+12,29F,,,,,
1.407E+12,29F,,,,,
141010027236A,13,13,13,13,13,13
140700120,13,,,,,
1.4101E+12,13,13,13,13,13,13
1.4101E+12,13,13,13,13,13,13
141010154,45,,,,,
1.4101E+12,45,45,45,45,45,45
141010196,45,,,,,
1.407E+12,60,,,,60,60
1.407E+12,60,,,,,
1.4051E+12,60,,,,60,60
1.407E+12,60,,,,,
1.407E+12,60,60,60,60,60,60
1.407E+12,60,,,,60,60
1.407E+12,60,60,60,60,60,60
1.407E+12,60,60,60,60,60,60
1.407E+12,60,,,,,
140700135,60,,,,,
1.407E+12,60,60,60,60,60,60
1.4051E+12,60,,,,,
1.4101E+12,45,45,45,45,45,45
141010002,45,,,,,
140700128,45,,,,,
1.4101E+12,45,,,,,
141010026186A,45,,,,45,45
1.4101E+12,45,,,,,
141010026154A,45,,,,,
141010026122A,45,,,,,
141010009211A,41,41,41,41,41,41
1.4101E+12,41,,,,,
1.4101E+12,41,41,41,41,41,41
1.4101E+12,41,41,41,41,41,41
1.4101E+12,41,41,41,41,41,41
1.4101E+12,41,,,,,
1.4101E+12,41,,,,,
141010009193A,41,,,,41,41
1.4101E+12,41,41,41,41,41,41
1.4101E+12,41,,,,41,41
1.4101E+12,41,41,41,41,41,41
1.4101E+12,42,,,,42,42
141010195,13,,,,,
1.4101E+12,13,,,,,
1.4101E+12,13,,,,,
1.4101E+12,13,,,,,
1.4101E+12,41,,,,,
1.4101E+12,41,,,,41,41
1.4101E+12,41,,,,41,41
1.4101E+12,41,41,41,41,41,41
1.4101E+12,41,,,,,
141010001065A,42,42,42,42,42,42
141010001147A,8,8,8,8,8,8
1.4101E+12,8,8,8,8,8,8
1.4101E+12,8,8,8,8,8,8
1.4101E+12,41,,,,41,41
1.4101E+12,41,41,41,41,41,41
141010023,42,,,,,
141010001179A,42,42,42,42,42,42
1.4101E+12,42,,,,,
1.4101E+12,42,,,,,
141010001097A,42,,,,42,42
1.4101E+12,18,18,18,18,18,18
1.4101E+12,20,20,20,20,20,20
1.4101E+12,42,42,42,42,42,42
1.4101E+12,42,,,,,
1.4101E+12,42,,,,42,42
1.4101E+12,42,42,42,42,42,42
1.4101E+12,42,42,42,42,42,42
1.4101E+12,42,,,,42,42
1.4098E+12,18,18,18,18,18,18
1.4101E+12,20,,,,18,18
1.4101E+12,20,20,20,20,20,20
1.4101E+12,42,,,,,
1.4101E+12,42,,,,,
141010001204A,42,,,,42,42
1.4098E+12,18,18,18,18,18,18
1.4098E+12,18,18,18,18,18,18
1.4098E+12,18,,,,18,18
1.4098E+12,18,18,18,18,18,18
1.4098E+12,18,18,18,18,18,18
1.4098E+12,18,,,,,
1.4098E+12,18,,,,18,18
1.4098E+12,18,18,18,18,18,18
140980017,18,,,,,
1.4098E+12,18,,,,,
1.4098E+12,18,,,,,
1.4098E+12,18,,,,,
1.4101E+12,20,,,,,
1.4098E+12,20,,,,,
1.4098E+12,20,20,20,20,20,20
1.4098E+12,18,,,,,
1.4098E+12,18,,,,18,18
1.4101E+12,18,18,18,18,18,18
1.4101E+12,18,18,18,18,18,18
1.4101E+12,42,42,42,42,42,42
1.4101E+12,42,42,42,42,42,42
141010001161A,18,,,,18,18
1.4101E+12,8,8,8,8,8,8
1.4101E+12,42,42,42,42,42,42
1.4101E+12,42,,,,42,42
1.4101E+12,42,,,,42,42
1.4101E+12,7,,,,7,7
1.4101E+12,7,,,,7,7
1.4101E+12,7,7,7,7,7,7
1.4101E+12,7,,,,7,7
1.4101E+12,8,,,,8,8
1.4101E+12,18,,,,18,18
1.4101E+12,7,,,,7,7
1.4101E+12,7,7,7,7,7,7
1.4101E+12,7,7,7,7,7,7
1.4101E+12,7,,,,7,7
1.4101E+12,7,7,7,7,7,7
1.4101E+12,7,,,,,
1.4101E+12,7,,,,7,7
1.4101E+12,42,42,42,42,42,42
1.4101E+12,42,42,42,42,42,42
1.4101E+12,42,42,42,42,42,42
1.4101E+12,42,42,42,42,42,42
1.4101E+12,42,42,42,42,42,42
1.4101E+12,42,42,42,42,42,42
1.4101E+12,42,,,,,
1.4101E+12,13,13,13,13,13,13
1.4101E+12,13,13,13,13,13,13
1.4101E+12,20,20,20,20,20,20
1.4101E+12,20,20,20,20,20,20
1.4101E+12,20,20,20,20,20,20
1.4101E+12,42,,,,42,42
1.4101E+12,13,13,13,13,13,13
1.4101E+12,13,13,13,13,13,13
1.4101E+12,20,,,,,
1.4101E+12,42,,,,,
1.4101E+12,42,,,,,
1.4101E+12,42,,,,42,42
1.4101E+12,42,42,42,42,42,42
1.4101E+12,42,42,42,42,42,42
1.4101E+12,42,,,,42,42
1.4101E+12,42,,,,42,42
1.4101E+12,42,,,,,
1.4101E+12,42,42,42,42,42,42
1.4101E+12,42,,,,,
1.4101E+12,42,42,42,42,42,42
1.4101E+12,42,42,42,42,42,42
1.4101E+12,42,42,42,42,42,42
1.4101E+12,42,,,,42,42
141010001040A,42,,,,42,42
1.4101E+12,42,,,,,
1.4101E+12,42,,,,,
1.4101E+12,42,,,,,
1.4101E+12,42,,,,,
141010111,42,,,,,
1.4101E+12,41,41,41,41,41,41
1.4101E+12,42,42,42,42,42,42
1.4101E+12,42,,,,42,42
1.4101E+12,42,,,,,
1.4101E+12,42,,,,,
1.4101E+12,42,,,,,
1.4101E+12,42,,,,,
1.4101E+12,42,,,,,
141010114,41,,,,,
1.4101E+12,40,40,40,40,40,40
1.4101E+12,41,,,,41,41
141010001072A,8,,,,8,8
1.4101E+12,41,41,41,41,41,41
1.4101E+12,41,41,41,41,41,41
1.4101E+12,41,,,,,
1.4101E+12,8,8,8,8,8,8
1.4101E+12,8,,,,8,8
1.4101E+12,41,,,,,
1.4039E+12,9,,,,9,9
141010001019A,8,,,,8,8
1.4101E+12,8,,,,8,8
1.4101E+12,8,,,,8,8
1.4101E+12,8,8,8,8,8,8
1.4101E+12,8,8,8,8,8,8
1.4101E+12,8,,,,8,8
1.4039E+12,9,9,9,9,9,9
1.4039E+12,8,8,8,8,8,8
1.4101E+12,8,,,,8,8
1.4101E+12,8,,,,8,8
1.4101E+12,8,,,,8,8
141010169,41,,,,,
1.4101E+12,8,8,8,8,8,8
1.4101E+12,8,8,8,8,8,8
1.4039E+12,8,,,,8,8
1.4039E+12,8,8,8,8,8,8
1.4101E+12,8,,,,8,8
1.4039E+12,8,8,8,8,8,8
1.4039E+12,8,,,,8,8
1.4039E+12,8,,,,8,
1.4039E+12,8,8,8,8,8,8
1.4039E+12,8,,,,8,8
1.4039E+12,8,8,8,8,8,8
1.4039E+12,9,9,9,9,9,9
140390001507A,8,,,,8,8
1.4039E+12,8,8,8,8,8,8
1.4039E+12,8,,,,8,8
1.4039E+12,8,8,8,8,8,8
1.4101E+12,8,8,8,8,8,8
1.4101E+12,8,8,8,8,8,8
1.4101E+12,8,,,,8,8
1.4101E+12,8,,,,8,8
1.4101E+12,40,40,40,40,40,40
141010188,40,,,,,
1.4101E+12,40,40,40,40,40,40
1.4039E+12,9,9,9,9,9,9
1.4101E+12,8,,,,8,8
1.4039E+12,9,,,,9,9
1.4039E+12,9,,,,9,9
1.4039E+12,9,,,,9,9
1.4101E+12,8,8,8,8,8,8
1.4039E+12,9,,,,9,9
1.4039E+12,9,9,9,9,9,9
1.4039E+12,9,,,,9,9
1.4039E+12,9,,,,9,9
1.4039E+12,9,9,9,9,9,9
1.4039E+12,9,9,9,9,9,9
1.4039E+12,9,9,9,9,9,9
1.4039E+12,9,,,,9,9
1.4039E+12,9,,,,9,9
1.4039E+12,9,9,9,9,9,9
140390001425A,9,,,,,
1.4039E+12,9,,,,9,9
1.4101E+12,8,8,8,8,8,8
1.4101E+12,8,,,,8,8
1.4101E+12,8,,,,8,8
1.4101E+12,8,,,,,
1.4101E+12,41,,,,41,41
1.4101E+12,41,,,,,
1.4101E+12,41,41,41,41,41,41
1.4101E+12,41,41,41,41,41,41
1.4101E+12,41,41,41,41,41,41
1.4101E+12,41,41,41,41,41,41
1.4101E+12,41,,,,,
1.4101E+12,41,41,41,41,41,41
141010001115A,41,41,41,41,41,41
1.4101E+12,41,,,,41,41
1.4101E+12,41,41,41,41,41,41
1.4101E+12,41,,,,41,41
1.4101E+12,41,,,,41,41
1.4101E+12,41,,,,41,41
1.4101E+12,41,,,,41,41
1.4101E+12,41,,,,41,41
1.4101E+12,41,,,,,
1.4101E+12,41,,,,,
1.4101E+12,41,,,,,
1.4101E+12,41,,,,41,41
1.4101E+12,40,40,40,40,40,40
1.4101E+12,40,,,,,
1.4101E+12,40,40,40,40,40,40
1.4101E+12,41,,,,41,41
1.4101E+12,41,,,,,
1.4101E+12,41,,,,,
1.4101E+12,41,,,,,
1.4101E+12,NA,,,,42,42
1.4101E+12,NA,42,42,42,42,42
1.4101E+12,42,42,42,42,42,42
1.4101E+12,42,,,,42,42
141010025,42,,,,,
1.4101E+12,13,,,,,
1.4101E+12,42,,,,,
1.4101E+12,42,,,,,
1.4101E+12,42,42,42,42,42,42
141010194,42,,,,,
1.4101E+12,42,,,,42,42
1.4101E+12,42,42,42,42,42,42
141010200,42,,,,,
1.4101E+12,41,41,41,41,41,41
1.4101E+12,42,,,,42,42
1.4101E+12,NA,,,,42,42
1.4101E+12,NA,42,42,42,42,42
1.4101E+12,NA,42,42,42,42,42
1.4101E+12,NA,,,,,
141240046,NA,,,,,
1.4101E+12,41,,,,41,41
1.4101E+12,41,41,41,41,41,41
1.4101E+12,41,41,41,41,41,41
141010205,41,,,,,
141010009229A,41,,,,,
1.4101E+12,41,,,,,
1.4101E+12,41,41,41,41,41,41
1.4101E+12,41,,,,41,41
1.4101E+12,41,,,,41,41
1.4101E+12,41,,,,,
1.4101E+12,41,,,,,
1.4101E+12,41,41,41,41,41,41
1.4101E+12,41,,,,41,41
1.4101E+12,41,,,,,
1.4101E+12,41,,,,,
1.4101E+12,41,41,41,41,41,41
141010009243A,41,,,,,
141240014,NA,,,,48F,48F
141010193268A,41,,,,,
1.4124E+12,50,50,50,50,50,50
1.4124E+12,50,,,,,
140510004,NA,,,,,
140510027,NA,,,,,
141240117,NA,,,,,
1.4051E+12,NA,49F,49F,49F,49F,49F
1.4051E+12,NA,49F,49F,49F,49F,49F
1.4051E+12,NA,49F,49F,49F,49F,49F
1.4101E+12,45,,,,,
141240365,NA,,,,,
1.4051E+12,NA,49F,49F,49F,49F,49F
141240090,NA,3,3,3,3,3
1.4124E+12,50,,,,,
1.4124E+12,3,,,,3,3
1.4124E+12,49F,49F,49F,49F,49F,49F
141240362,49F,,,,,
1.4124E+12,3,3,3,3,3,3
1.4124E+12,3,3,3,3,3,3
141240001057A,3,,,,,
1.4124E+12,3,,,,3,3
1.4124E+12,3,3,3,3,3,3
1.4124E+12,3,,,,,
1.4124E+12,3,,,,3,3
141240001025A,3,,,,3,3
1.4124E+12,3,,,,,
1.4124E+12,3,3,3,3,3,3
141240001018A,3,3,3,3,3,3
141240125,3,,,,,
141240273,3,,,,,
1.4124E+12,3,,,,,
1.4124E+12,3,,,,,
141240359,3,,,,,
1.4124E+12,3,3,3,3,3,3
1.4124E+12,3,,,,,
1.4124E+12,3,3,3,3,3,3
1.4124E+12,3,3,3,3,3,3
1.4124E+12,3,3,3,3,3,3
1.4124E+12,3,3,3,3,3,3
1.4124E+12,3,3,3,3,3,3
1.4124E+12,3,,,,3,3
1.4124E+12,3,,,,,
1.4124E+12,3,,,,,
141240322,3,,,,,
1.4124E+12,3,,,,,
1.4124E+12,3,,,,,
1.4124E+12,3,,,,3,3
1.4124E+12,3,3,3,3,3,3
1.4124E+12,3,3,3,3,3,3
1.4124E+12,3,,,,,
1.4124E+12,3,,,,3,3
1.4124E+12,3,,,,,
1.4124E+12,3,,,,,
1.4124E+12,3,,,,3,3
1.4124E+12,3,,,,,
141240001032A,3,,,,3,3
1.4124E+12,3,,,,,
1.4124E+12,3,,,,,
1.4124E+12,3,,,,,
141240210,3,,,,,
1.4124E+12,3,,,,,
141240163,3,,,,,
141240360,3,,,,,
141240026,48F,,,,,
141240182,48F,,,,,
141240154,3,,,,,
99999000A,37F,,,,Aeropuerto,Aeropuerto
1.40971E+12,37F,37F,37F,37F,37F,37F
1.40971E+12,37F,37F,37F,37F,37F,37F
999990003,NA,,,,Acceso_Saltillo,Acceso_Saltillo
140970244,12F,,,,,
141200614,46F,,,,,
141200271,46F,,,,,
141200546,46F,,,,,
140970852,11F,,,,,
140970682,12F,,,,,
140970809,12F,,,,,
140980081,32,,,,,
141205567,65B,,,,65B,65B
141011959,42,,,,42,42
999990002,NA,,,,Acceso_Colotlán,Acceso_Colotlán
1.407E+12,45,,,,,
14070140A,29F,52,52,52,52,52
999990001,NA,,,,Acceso_Vallarta,Acceso_Vallarta
999990006,NA,,,,Acceso_López_Mateos,Acceso_López_Mateos
999990005,NA,,,,Acceso_Chapala,Acceso_Chapala
141240109,48F,,,,,
141200142,14F,14F,14F,14F,14F,14F
141240071,3,3,3,3,3,3
140980012,,57,57,57,57,57
140970602,,30,30,30,30,30
14097059A,,02F,02F,02F,02F,02F
140980243,,29F,29F,29F,29F,29F
141011963,,40,40,40,40,40
141200157,,65A,65A,65A,65A,65A
141012552,,20,20,20,20,20
140970104,,12F,12F,12F,12F,12F
140970015,,12F,12F,12F,12F,12F
140972416,,17,17,17,17,17
141200123,,63F,63F,63F,63F,63F
141200034,,46F,46F,46F,46F,46F
141200068,,61,61,61,61,61
140973679,,11F,11F,11F,11F,11F
141240029,,48F,48F,48F,48F,48F
141240033,,48F,48F,48F,48F,48F
141240048,,3,3,3,3,3
140701467,,13,13,13,13,13
141012567,,45,45,45,45,45
140510016,,60,60,60,60,60
140440026,,4,4,4,4,4
140970123,,51F,51F,51F,51F,51F
140972308,,,,,38,38
140980188,,,,,06B,06B
14120059A,,,,,25,25
140973541,,,,,30,30
141203908,,,,,44,44
141200091,,,,,14F,14F
141200087,,,,,44,44
140971066,,,,,12F,12F
140701170,,,,,29F,29F
141200104,,,,,15,15
141240103,,,,,3,3
140510035,,,,,10,10
140701166,,,,,32,32
