ANIO,Municipality,AUTO_PARTICULAR,AUTO_OFICIAL,AUTO_PUBLICO,MOTO_PARTICULAR,MOTO_OFICIAL,MOTO_DE_ALQUILER,CAM_PAS_PARTICULAR,CYC_CARGA_PARTICULAR,ESTATUS
2015,39,587710,4828.0,8063.0,82988,800,0,836,193117,Cifras Definitivas
2016,39,613042,4820.0,8149.0,89925,867,0,858,195911,Cifras Definitivas
2017,39,631957,4651.0,8087.0,98131,826,0,860,198244,Cifras Definitivas
2018,39,636585,4717.0,8523.0,106554,838,3,1167,186386,Cifras Definitivas
2019,39,651395,5011.0,8679.0,115117,834,4,1183,189720,Cifras Definitivas
2020,39,660750,5275.0,8636.0,122859,967,0,1246,191527,Cifras Definitivas
2021,39,667604,4718.0,8578.0,132330,985,0,1293,190255,Cifras Definitivas
2022,39,674359,4893.0,8462.0,146027,1098,0,1322,195199,Cifras Definitivas
2023,39,691955,5067.0,8392.0,163542,1123,0,1348,200701,Cifras Definitivas
2015,44,5944,0.0,17.0,946,0,0,16,3955,Cifras Definitivas
2016,44,6490,0.0,17.0,1215,0,0,16,4042,Cifras Definitivas
2017,44,7153,0.0,15.0,1428,0,0,16,4106,Cifras Definitivas
2018,44,7849,5.0,20.0,1690,0,0,21,4131,Cifras Definitivas
2019,44,8351,7.0,24.0,2000,0,0,21,4211,Cifras Definitivas
2020,44,8714,8.0,24.0,2303,0,0,26,4306,Cifras Definitivas
2021,44,9321,9.0,25.0,2687,0,0,27,4341,Cifras Definitivas
2022,44,9665,10.0,24.0,3105,0,0,28,4522,Cifras Definitivas
2023,44,10271,9.0,23.0,3694,0,0,33,4649,Cifras Definitivas
2015,51,2833,5.0,0.0,1418,0,0,43,2483,Cifras Definitivas
2016,51,3024,5.0,0.0,1634,0,0,44,2557,Cifras Definitivas
2017,51,3277,5.0,0.0,2010,0,0,43,2709,Cifras Definitivas
2018,51,3882,5.0,18.0,2278,0,0,69,2427,Cifras Definitivas
2019,51,4138,5.0,18.0,2586,0,0,76,2468,Cifras Definitivas
2020,51,4344,4.0,19.0,2874,0,0,80,2552,Cifras Definitivas
2021,51,4676,4.0,20.0,3256,0,0,93,2547,Cifras Definitivas
2022,51,4830,5.0,19.0,3758,0,0,125,2666,Cifras Definitivas
2023,51,5079,5.0,17.0,4428,0,0,143,2764,Cifras Definitivas
2015,70,7436,0.0,207.0,4585,0,0,153,4918,Cifras Definitivas
2016,70,7674,0.0,222.0,5321,0,0,151,5096,Cifras Definitivas
2017,70,7690,0.0,222.0,6452,0,0,151,4978,Cifras Definitivas
2018,70,30495,23.0,173.0,9757,9,0,146,13747,Cifras Definitivas
2019,70,32008,24.0,182.0,11316,9,0,145,14255,Cifras Definitivas
2020,70,33217,25.0,183.0,12810,10,0,147,14635,Cifras Definitivas
2021,70,35880,22.0,188.0,14528,9,0,134,13912,Cifras Definitivas
2022,70,36384,23.0,187.0,17062,9,0,145,15604,Cifras Definitivas
2023,70,38586,22.0,184.0,20577,10,0,160,16330,Cifras Definitivas
2015,97,40726,0.0,355.0,8523,0,0,150,23681,Cifras Definitivas
2016,97,46087,0.0,361.0,10656,0,0,149,25123,Cifras Definitivas
2017,97,54570,0.0,361.0,12803,0,0,149,27530,Cifras Definitivas
2018,97,96993,57.0,441.0,23356,49,0,146,29687,Cifras Definitivas
2019,97,103946,54.0,467.0,26737,49,1,157,30890,Cifras Definitivas
2020,97,109078,56.0,473.0,30012,49,0,166,31837,Cifras Definitivas
2021,97,116137,53.0,477.0,34418,47,0,178,32554,Cifras Definitivas
2022,97,121648,52.0,496.0,40565,40,0,184,34401,Cifras Definitivas
2023,97,129701,53.0,506.0,49294,35,0,205,36339,Cifras Definitivas
2015,98,173336,65.0,1142.0,24371,29,0,277,86995,Cifras Definitivas
2016,98,187455,68.0,1175.0,28276,26,0,290,89434,Cifras Definitivas
2017,98,199441,66.0,1184.0,32486,19,0,290,91844,Cifras Definitivas
2018,98,153644,70.0,1374.0,29142,9,0,217,59629,Cifras Definitivas
2019,98,159580,75.0,1411.0,32797,8,0,221,61508,Cifras Definitivas
2020,98,163503,76.0,1437.0,36525,6,0,223,62456,Cifras Definitivas
2021,98,169367,79.0,1426.0,40921,6,0,229,62602,Cifras Definitivas
2022,98,174985,91.0,1421.0,46999,6,0,236,65621,Cifras Definitivas
2023,98,183444,87.0,1457.0,54854,7,0,257,68304,Cifras Definitivas
2015,101,90085,62.0,692.0,17153,5,0,50,37484,Cifras Definitivas
2016,101,97614,59.0,692.0,17153,5,0,50,37484,Cifras Definitivas
2017,101,105141,75.0,696.0,22904,4,0,65,39365,Cifras Definitivas
2018,101,110794,101.0,911.0,26837,4,1,88,39006,Cifras Definitivas
2019,101,115663,100.0,939.0,30319,4,1,90,40023,Cifras Definitivas
2020,101,119348,102.0,964.0,33735,3,0,87,40759,Cifras Definitivas
2021,101,125667,112.0,976.0,38212,3,0,103,40705,Cifras Definitivas
2022,101,130222,113.0,1005.0,44187,3,0,94,43047,Cifras Definitivas
2023,101,136629,113.0,1039.0,52248,3,0,103,44699,Cifras Definitivas
2015,120,471923,320.0,2838.0,45051,59,0,431,149089,Cifras Definitivas
2016,120,497996,307.0,2912.0,50523,58,0,440,152919,Cifras Definitivas
2017,120,523460,312.0,2957.0,57778,60,0,463,156967,Cifras Definitivas
2018,120,533006,347.0,3323.0,64748,53,22,601,146669,Cifras Definitivas
2019,120,556242,311.0,3416.0,72410,38,21,634,152451,Cifras Definitivas
2020,120,562719,306.0,3419.0,78897,31,0,668,154770,Cifras Definitivas
2021,120,576089,255.0,3433.0,87201,28,0,704,155801,Cifras Definitivas
2022,120,585743,228.0,3391.0,98221,26,0,733,162199,Cifras Definitivas
2023,120,604980,212.0,3369.0,112551,24,0,769,168678,Cifras Definitivas
2015,124,13170,0.0,36.0,11690,0,0,48,14841,Cifras Definitivas
2016,124,13063,0.0,36.0,13108,0,0,48,14739,Cifras Definitivas
2017,124,12928,0.0,36.0,14285,0,0,48,14573,Cifras Definitivas
2018,124,14853,6.0,88.0,15506,0,0,28,13839,Cifras Definitivas
2019,124,15591,9.0,90.0,17142,0,0,25,14047,Cifras Definitivas
2020,124,16199,9.0,88.0,18421,0,0,28,14282,Cifras Definitivas
2021,124,17324,7.0,87.0,20110,0,0,30,14660,Cifras Definitivas
2022,124,17847,9.0,89.0,22659,0,0,32,15244,Cifras Definitivas
2023,124,18662,9.0,91.0,25043,0,0,34,15662,Cifras Definitivas
